content_id,label
0Rr8A,157
0RrOJ,158
0Rrg6,159
1aK7e,217
0Rr7G,156
1lr9e,290
26oea,366
0RWrJ,116
26oqB,367
3AVeM,450
26P5G,335
4pr86,683
4prV9,684
5Xrlz,808
78B0o,961
84XvQ,1183
1lrJl,291
78jmB,1014
78BzB,962
78j4W,1013
84Xx1,1184
AKx9x,1572
BQ6d7,1591
E1Bga,1735
GW629,1903
E1BjP,1736
GW6g9,1907
GW6qx,1908
GWw4l,1998
GW6RB,1906
AKxX5,1573
Lr97V,2444
JmpRP,2189
My9b5,2575
LrWWp,2486
PbOqX,2900
Lr9EQ,2445
QePbq,3031
VAdLl,3236
VAdoJ,3237
WpJdd,3372
XX91b,3484
XXz7x,3558
Oxlq3,2788
XXzBE,3559
Lr9kJ,2447
WpJ52,3371
XXzeB,3560
XXzpr,3561
az83O,3620
dKGbo,3874
eQkkM,4064
gMJj9,4173
gMJB9,4171
dKGjo,3875
lPJw7,4595
lPQ4y,4604
knKL9,4488
mmv4v,4777
mmv2O,4776
mmvwv,4781
nEM6d,4870
GW65m,1904
6O58e,867
py9vj,5153
py94E,5152
rx9Ow,5384
vR9wp,5461
or1bR,5020
vR97X,5459
wl9K5,5595
zp9wq,5991
x69vX,5755
wl9J1,5594
zp9xK,5992
zp9zw,5993
zpx2O,6084
vR9Pl,5460
q93ww,5213
mmvn1,4779
26b8v,353
1lxxW,301
1lxOQ,297
3Axjv,490
3Axz9,492
4praa,685
1lxXG,298
4pxl9,696
4pxmG,697
5XoJX,804
5XovX,806
1lWMG,263
84X2w,1180
78xl3,1054
3Ax10,487
78xow,1055
0RgLg,136
84Xb2,1182
AKJ33,1511
84xPG,1238
97x3p,1392
84xWE,1239
AKJvx,1513
84p2d,1223
E1B1l,1734
E1KLP,1741
E1Km5,1742
GW67V,1905
E1KpG,1743
JmLLb,2129
JmLRR,2130
JmLpj,2132
Jmpzb,2191
Lr9V9,2446
K5aj4,2278
LraLJ,2490
Jmp0b,2187
K5aqX,2280
K5a3G,2276
K5b9M,2281
Lra3P,2489
K5bJE,2282
Mya3r,2607
MyaWK,2610
Oxa01,2780
Oxl4E,2786
OK5MA,2653
PbO7J,2899
OxlKO,2787
Pba5z,2909
Qe844,3013
VAa53,3231
Qe8VP,3014
QejrJ,3051
Pbar5,2910
Rgab8,3146
VAa6V,3232
VAaPr,3234
VAaGd,3233
XXMQ7,3507
XXaM7,3523
XXW6W,3519
Wpa8j,3397
XXaRx,3524
az8e4,3621
XXagr,3525
aza0M,3661
b0j6g,3757
azald,3665
dKrGX,3936
dKGzJ,3877
azaeL,3663
dKrkB,3937
WpaqG,3400
eQ67R,4031
dKrrw,3940
eQkQO,4063
gMrB5,4213
eQ6RM,4032
gMJVk,4172
gMrp0,4216
dKrqB,3939
gMrRA,4214
j5460,4268
jWrgq,4342
knBav,4484
jWrwn,4343
lPQ7M,4605
lPrzA,4651
jWLXo,4310
lPrMG,4650
mmvqp,4780
nEMqB,4872
nEMdx,4871
knd3k,4524
orV77,5040
nEVn5,4881
nEV9m,4880
orVvR,5041
vRVwB,5501
mmvkl,4778
wlV3A,5627
x6V7p,5770
rxVd0,5411
wlxvP,5682
yAV9g,5887
wl95L,5593
yAVKA,5888
zp6rK,5990
yAVz2,5890
zpVQb,6017
wlVEP,5629
26bEl,354
1lxgW,299
0R960,90
1lyBK,302
1lykG,303
0RbWG,124
1lxJQ,296
26bWG,355
3AxLA,489
4pVqg,647
3AoMv,475
4pVz9,648
6OyBW,935
5XoWK,805
6Oyko,937
4p3Pa,602
4pVzg,649
6Oywr,939
84j9A,1207
78xG4,1052
78xa9,1053
97xE5,1393
84jXG,1208
BQmW9,1650
84xbw,1240
BQmrG,1651
BQzXG,1670
GW5mx,1902
E1m4P,1772
GWe6l,1967
GWe09,1966
GWy76,1999
Jm3lm,2095
Jm3EP,2093
Jm3o8,2096
Jm3pJ,2097
K5ao4,2279
K5l67,2301
K5l8G,2302
Lr92x,2443
JmLa7,2131
MyaJK,2608
LraVQ,2492
MyaK0,2609
PbE00,2882
Oxm3V,2791
Oxmyl,2793
PQKL5,2819
QeEaq,3022
Qea14,3039
Rga7O,3144
VAo4r,3246
VAogl,3247
Wpa7r,3396
Wpa1d,3395
Wpap2,3399
Wpxok,3416
Wpxvd,3417
XXak7,3526
aza5E,3662
azq2O,3683
b0eGe,3753
b0ea5,3754
AKJKj,1512
78yVv,1058
dKGo1,3876
dKLRB,3879
eQ6xl,4033
dKrow,3938
eQeJy,4054
eQeKM,4055
eQeda,4056
gMrna,4215
knBAk,4483
jWreb,4341
lPeg7,4627
lPe9k,4626
lPn1A,4640
lPrBe,4649
mmVGp,4733
mme1g,4749
ore87,5060
pylQE,5189
rxV2l,5408
rxVw0,5412
rxrka,5434
rxepa,5424
vR864,5457
vRV4m,5500
nE4n5,4848
kne3j,4527
PbEgb,2884
wl4xA,5588
WpaBd,3398
QeaB8,3040
x67VB,5754
BQmye,1652
wl4R1,5585
zpkxr,6051
x6VWj,5771
yAVja,5889
yAG6x,5866
26X9x,346
3Ao0d,472
3AoKA,474
0Rbpo,125
26yBx,379
3AXM9,453
3AoAM,473
78yMK,1057
97GOq,1338
AKXME,1534
78yww,1059
AKQ75,1525
7846K,948
BQm1v,1649
Jm3gR,2094
84XJW,1181
BQvVw,1667
E1m6K,1773
GWny6,1979
K5lny,2303
K5a8M,2277
Jm6w7,2108
Oxm1b,2789
4pVaV,644
LraPV,2491
3AoOP,476
LrmyV,2507
6OybW,936
4pV0a,643
K5lq4,2304
Oxm2E,2790
4pVlq,645
6Oyvr,938
5XO8e,766
MypPo,2625
Qe3R4,3001
Pbeg6,2912
K5evE,2290
PbE67,2883
Oxe8b,2783
Pber7,2913
QeEKR,3019
QeEOR,3020
RgEk2,3124
QeEdq,3023
QeazQ,3041
XXelo,3527
VAexp,3238
azylO,3696
WpxRg,3415
b0e4l,3752
b0aXe,3744
Wpe0K,3404
RgaM2,3145
RgEXd,3123
dKj91,3924
dKj21,3923
b0jA5,3758
OxmqO,2792
dKjWJ,3926
jWgRe,4326
dKjoq,3927
gMya0,4221
azqQM,3685
eQyJ9,4093
kndoB,4526
jWgq0,4327
azq3A,3684
gMRa5,4181
dKjzX,3928
5XygX,815
lPlVy,4636
mme7O,4750
dKjEJ,3925
knyMj,4566
mmebE,4751
kneGB,4528
mmyQl,4792
AKXw5,1536
mmyKg,4791
py4B6,5141
nEOAQ,4874
py4MG,5142
x6wgn,5815
q9ee1,5255
wl4bG,5586
zpkJ5,6050
wl4y4,5589
wl4oL,5587
x6wAR,5814
rx90A,5383
q97Rz,5219
rxev0,5425
rxmqw,5430
rxeRm,5423
1lvqJ,292
mmyB0,4789
nEBA5,4861
b0eyl,3755
1lXJG,264
0RX0G,117
26XOB,348
26XAr,347
0RXOG,119
0Rb12,123
26XPx,349
1lXLM,265
3AonM,477
5XOM1,767
5XOPW,768
3AXqd,454
4pXKG,651
6O8Be,870
784OK,949
6OKwW,883
5XOdb,769
97Xwd,1370
847od,1155
84xdr,1241
AKQaE,1526
97GXp,1339
784kB,950
97XeW,1369
AKQmq,1527
1lxjl,300
BQGPg,1614
6O8bO,871
BQvg7,1668
E1jm5,1770
JmRkX,2142
GWnAQ,1977
K5e46,2286
JmpQ4,2188
K5eEo,2287
Jm38P,2091
K5eeo,2289
OxeLl,2785
MypQo,2626
K5eGG,2288
RglBr,3162
RgELO,3122
RglM5,3163
Rglax,3164
Wpe1j,3405
XXEK7,3489
XXemW,3528
dKbnw,3911
b0j1d,3756
LrebJ,2503
eQyVy,4094
dKbxz,3912
azyzL,3697
Qe3kP,3002
eQyWK,4095
lPl89,4635
gMyl5,4222
kndRk,4525
gMy95,4220
knBq6,4485
knyV6,4567
lPlqL,4637
eQyg9,4096
mmVov,4734
jWpbe,4336
mmyJL,4790
mmyw0,4793
nEbgm,4887
or88B,5025
rxG8A,5390
rxV98,5409
rxGR3,5391
wl05A,5577
wl0xn,5578
q97oE,5221
wl0y1,5579
x6wkp,5816
vRzaV,5538
x6w0n,5813
yAKQa,5870
yAKjJ,5871
yAKqx,5872
q979E,5218
zpQv4,6015
zpVav,6018
vR84X,5456
4p0zE,597
4p0Eq,593
1ldjG,275
4p0V9,595
4p0LR,594
26X7B,345
0RkbE,140
6Oy5L,933
84vGd,1232
84vX2,1236
78Q09,986
84vqW,1237
78QBw,987
84vPw,1234
AKq0E,1561
AKqX5,1564
BQq6v,1662
E1LGj,1744
BQqm9,1665
E1qBo,1776
JmqLP,2193
GWqqx,1993
K5qM4,2317
K5qPX,2318
E1qL2,1777
LreJR,2501
LrmGJ,2506
Mypzr,2627
Myq6E,2628
Lrqqq,2510
Myp8E,2624
MyqL0,2631
Oxql1,2799
QeqEx,3056
QeqwV,3057
OxqW1,2798
Qeqxq,3058
RgqGr,3169
Wp3ma,3354
dKpGo,3932
VAp5p,3248
AKXox,1535
3AzXv,498
VApzd,3254
dKpqj,3934
b0oOq,3761
VApaJ,3252
dKpM1,3933
gMB4k,4160
eQXey,4052
gMBrB,4164
gMBvA,4165
knb3Q,4517
knbpB,4522
mmp5p,4771
knbKA,4519
lPbrL,4625
mmpQO,4772
knb86,4518
mmpvg,4774
nEO2x,4873
jWbrA,4323
nEbOn,4885
nEb9Q,4884
nEbXo,4886
pybdR,5181
vRb85,5509
vRbnL,5510
ore5B,5059
vRzPm,5537
wlb0P,5644
wlb4P,5645
wl9rG,5596
0Rk20,137
0RkeE,141
0RX1E,118
0RkpM,142
1ld3q,273
1ld2G,272
0Rk6M,138
1ldlW,276
0RkXo,139
26JrB,327
1ldaB,274
3AzAA,497
4p02q,591
4p09R,592
4p0le,596
4pX8a,650
78Qo4,989
78Qa8,988
5Xwz1,812
84vVA,1235
84vKr,1233
AKqAn,1562
4px2E,695
97MGd,1346
84Rrr,1172
AKqgM,1565
AKqVj,1563
BQqAv,1663
AKqmM,1567
BQqaE,1664
6OKmo,882
GWq9J,1988
GWqWQ,1990
JmR8R,2140
GWqXq,1991
Jmqk8,2196
Jmq9j,2192
GWq9V,1989
JmqgJ,2194
K5qw6,2319
Jmqy7,2197
Jmqj8,2195
K5q0X,2316
LrqKx,2509
Oxq2w,2794
Myq8J,2629
LreLP,2502
Lrq2J,2508
MyqB5,2630
Oxq6b,2795
OxqKO,2796
OxqMb,2797
Rgq0r,3168
Oxqxb,2800
VApKp,3250
VApBV,3249
RgqdW,3170
Wp3EK,3353
XXpvW,3539
azp6O,3682
VApn3,3253
VApMV,3251
gMB85,4161
Wp3rK,3355
b0opA,3762
gMBmJ,4163
dKpyj,3935
jWbj9,4322
knbOQ,4520
knbvk,4523
knblB,4521
gMB90,4162
lPb23,4620
lPbR3,4621
lPbW9,4622
lPbm9,4624
lPbjG,4623
mmpkl,4773
q9bPe,5252
nEbxd,4888
pybBX,5180
pybyR,5183
q97gz,5220
rxb68,5418
orl27,5068
rxbQa,5421
rxba8,5422
rxbKe,5419
vRb7B,5508
wlbQA,5646
wlbW5,5647
wlbao,5648
x6bBQ,5785
x6boQ,5787
yAbog,5897
zpb19,6036
zpbJ9,6038
1lw4q,293
3AQaL,449
3AQ4X,448
1lwnJ,295
0R0qE,60
0R0O6,59
4pvKo,686
1lwbJ,294
4pvwe,687
6OKxo,884
78LaV,974
78L6v,973
84v4w,1231
8477A,1154
AKkJn,1551
4pvxq,688
AKkbj,1552
E151A,1724
GWKEl,1934
BQddv,1641
BQvEE,1666
GWKqm,1936
GWqom,1992
JmMM8,2134
JmRg4,2141
BQdLQ,1640
JmM7j,2133
K51q5,2216
K51GE,2214
LrLW1,2469
MyWaE,2600
MyWgm,2601
LrLrQ,2470
OxPWO,2768
PbmxR,2926
Pbq76,2927
QeOaP,3030
Rg8EJ,3112
Rg89x,3111
WpdXg,3402
WpdjL,3403
XXJ8b,3496
XXJ3B,3495
XXJk7,3497
azLKE,3638
azLkL,3639
b0W23,3742
jWXj0,4321
jWpjq,4337
jWXO9,4320
lPXEA,4613
knXGv,4516
lPXRk,4614
b0WWg,3743
lPXwk,4616
nEX7o,4882
dKPpj,3880
orB3g,5027
VAd06,3235
QeO8P,3029
PbmJR,2925
orBkR,5029
pyboG,5182
lPXXM,4615
nEXao,4883
rxXJw,5415
q9X60,5247
q9Xxo,5248
pyX8j,5175
rxbM8,5420
vRXj4,5503
vRX74,5502
wl041,5576
wlX45,5636
wlX6P,5637
orBv7,5030
x6X2l,5774
wlXmL,5638
x6XmX,5775
wlbwo,5649
x6bG8,5786
yAXl2,5891
yAXnr,5892
yAXyR,5893
zpXl9,6031
zpbBv,6037
wlXvG,5639
0ROx6,108
4pGVG,629
2648x,312
0ROz0,109
1l8PG,238
1l8zG,239
4pG19,628
4pGXG,630
3A73d,431
6Od0o,914
4pGxG,631
5Xk3W,794
6OdBW,915
78JPv,971
5XkQb,796
78Jqv,972
6Oy9e,934
84z62,1244
84zLw,1246
84zJQ,1245
84zVw,1247
AKWV5,1532
BQneg,1653
97nyW,1389
84Wgd,1179
84zxW,1248
GWKn6,1935
JmGgR,2125
GW8XQ,1913
JmG2R,2123
GWK7l,1933
E158A,1725
BQnqE,1654
JmGnm,2126
K5kLo,2297
K5kbe,2299
K5104,2212
Lrd9Q,2500
My9xo,2576
MyJkK,2586
MyJdJ,2585
K5kvX,2300
MyWzR,2603
Pbm6J,2924
OxeBq,2784
Ox0PO,2709
Ox01E,2707
Ox0Ww,2710
Ox0zk,2712
Pbwj0,2929
QeK0V,3025
Wp31k,3352
WpWar,3391
azLE4,3637
Rg83J,3110
b0d83,3751
dKz21,3953
dKzLA,3955
K51O6,2215
eQ0w9,4021
eQmvy,4067
gMK6B,4174
dKzMO,3956
jWMQo,4311
lPL0M,4596
lPLay,4597
gMKAk,4175
lopl3,4662
mmWa0,4735
mmaO0,4741
kn1P6,4450
mm3rg,4713
nEnva,4910
orBd0,5028
orP6a,5034
orP9g,5035
q9Em0,5234
q9Ebg,5233
rx3JA,5373
orPzW,5037
rxX03,5413
rxXB3,5414
zpXRO,6030
yAybg,5921
x6yP8,5817
zpe8r,6042
zpe5b,6040
zpeE5,6043
zpewO,6044
mmWz4,4736
orPvB,5036
pymvG,5190
dKz4J,3954
0RqnM,155
0ROl0,107
4plre,669
26gvx,359
1l8LQ,237
1leOG,277
5XkXW,797
4plzq,670
6Oeoe,917
5XkmO,798
78o1o,1021
6OezQ,918
78oQ9,1022
4pllE,668
78odB,1026
84VQE,1175
AKBR5,1509
84Vwd,1177
AKW6j,1530
97e6d,1378
AKW8r,1531
84z0Q,1243
AKWyA,1533
E1EjK,1737
BQe6G,1642
AKBpA,1510
GW8zB,1915
JmGe6,2124
JmXv6,2151
GW8nJ,1914
K5PJ4,2267
K5X6y,2273
GWXXJ,1954
LrXPq,2487
MyJ0r,2583
MyX5o,2604
MyJM0,2584
Ox05l,2708
MyXX0,2606
OxXew,2778
PbXmz,2907
QeXyW,3038
VAXgp,3229
PbXye,2908
aze0a,3670
VALk3,3217
WpXOa,3393
b06Og,3715
dKavo,3909
dKaPO,3908
dKazq,3910
jWx1L,4344
gMy2k,4219
jWxQz,4346
knmk9,4545
koboX,4571
knxxQ,4565
eQ03R,4018
lPLq9,4599
lPalk,4619
eQRP4,4051
lPwM7,4653
orx60,5084
q9E4L,5232
pyVz1,5174
q9xmL,5280
q9Eqw,5235
rxO5w,5396
q9Evw,5236
nElXJ,4908
vRGmm,5475
x6dAR,5790
vRGOw,5474
wl5l1,5590
x6XzV,5776
q9X3z,5246
x6d7l,5789
x6yjV,5818
zpe75,6041
vRyJV,5536
zpXOr,6029
zpzbr,6090
26gBB,358
3AKm9,444
0Rq5J,153
0Rz4A,175
AKQ1z,1524
E1km2,1771
Bamkv,1673
E1X72,1756
AKpL3,1560
GWJex,1928
GWJyV,1931
JmXKm,2149
GWJqq,1929
GWX9m,1953
GWX7m,1952
JmXmP,2150
3A7Ev,432
LrQ1V,2474
Jmwnb,2201
K5XqM,2275
LrXlx,2488
MyWkr,2602
Myvg5,2635
Ox0yA,2711
Myvpm,2636
QeWgP,3036
26wbx,373
1l07l,220
Ox1lV,2713
Rg4J5,3108
WpXEd,3392
QeWrP,3037
RgXwa,3143
Rgzjd,3176
WpXzQ,3394
XXOWW,3510
azkVd,3675
az0O5,3613
Wpyed,3419
b06bq,3716
dKaE1,3907
eQvKQ,4081
gMx89,4217
eQ0gg,4020
jWxOA,4345
knP8B,4501
knPRQ,4503
dKQ4X,3881
knPwk,4506
knxVB,4562
knxj6,4563
knxoj,4564
lPaBA,4618
lPa89,4617
lPmKy,4639
orywV,5088
nErgm,4919
mmELl,4726
orxdB,5085
nEl7B,4907
pyOQ1,5163
pyOgj,5164
q987L,5223
pyOrG,5165
pyO9E,5162
q9e1o,5254
rx4Vm,5376
q9xqo,5281
wlJ4n,5610
vRd5B,5512
wlkQd,5655
yAJeE,5868
wlkvn,5656
yAJLE,5867
x6dEQ,5791
x6dWQ,5792
yAJrg,5869
zpV61,6016
5XeAz,784
4pVnG,646
5XvV1,811
6Oeao,916
78oW3,1023
78138,940
781VK,942
781Q4,941
AKB4x,1508
84Llr,1168
97nrW,1388
84V42,1173
84VLW,1174
97W3q,1367
97e7r,1379
78oaW,1024
0RqG0,154
0RJVG,98
1ljKG,280
1l0AB,222
1l08Q,221
0RJvg,100
1l01M,219
26wMR,372
4pQAG,642
6OM93,891
781eB,943
78ob4,1025
78Mm8,981
5Xv9e,810
6OMJ8,892
8419W,1140
97e55,1377
78MVo,980
97LEp,1344
84Le1,1167
84LLr,1166
AK59M,1495
97Lld,1345
AK5jE,1496
BQ41l,1586
BQ4BQ,1588
GWJ3J,1926
E1j5P,1769
GWJ8q,1927
Jm2l4,2089
Jm2OJ,2087
Jmw2J,2198
K5Kd5,2257
LrQEV,2477
JmwA7,2199
LrQXp,2478
K52y7,2219
LrkP4,2505
Ox2QA,2718
OxXo1,2779
Pb29b,2864
My21M,2569
PbL6X,2897
Pbqve,2928
VAr73,3256
LrQ6x,2475
Wpy5r,3418
XX2Ro,3475
Wpyga,3420
VAXml,3230
XXO1o,3508
az0dA,3614
XXO27,3509
XX3xE,3479
azd12,3666
b0wVA,3774
az0k4,3615
az0mL,3616
b0JL5,3728
azdbA,3668
dKQX1,3884
eQ05a,4019
gMQ0L,4177
knPkB,4504
knL0Q,4489
dKQOO,3883
gM1l0,4140
knL0a,4490
lPWv3,4611
lPm7L,4638
mmE7E,4725
mopjL,4794
pyEBo,5155
oryOm,5087
pyXb6,5176
q98Pg,5225
pyEWV,5156
ormMR,5072
q9rWw,5274
q9rve,5276
vRdzV,5513
wlkwL,5657
x6zqn,5820
wlJW5,5613
rxVMe,5410
wlpr4,5673
x6z0Q,5819
yA0kx,5855
1lzeM,305
260wR,307
0RJdG,99
260A4,306
3AwbX,485
3A72X,430
4pKv9,634
4pK8V,633
78M4B,975
5XQzW,774
5XQQ6,772
78M4w,976
5XQMe,771
6Ov1o,930
97L1M,1342
BQ227,1579
84171,1139
AK9W5,1503
841kx,1142
AK9Vx,1502
BQ2EG,1580
78MLw,979
BQ2Ke,1581
BQ2Xe,1582
E1Xda,1757
GW2Km,1893
GW2X4,1894
GWnW4,1978
Jm226,2085
K52lX,2217
Jm2yX,2090
Jmpab,2190
Jm25m,2086
GW2gq,1895
K5kPo,2298
LrB7P,2448
LrBGR,2450
OKxdk,2655
MyXQm,2605
LrQAQ,2476
LrBd4,2452
Ox2B3,2716
My2kr,2572
Jm2R8,2088
Pb2X5,2866
Qe228,2998
Pb2xR,2867
Ox2aE,2720
Qe2BA,2999
Ox2Bl,2717
My2Jo,2570
Rg2dO,3100
Qe2aW,3000
Rg2px,3102
dK0zo,3834
dK0BJ,3831
dK08z,3830
dKQ9B,3882
XX2pW,3477
VA234,3181
dK0b1,3832
eQw8l,4083
eQwLa,4085
eQwXM,4086
eQwvg,4089
eQwmM,4088
gMQBk,4178
gMQKB,4179
gMQeL,4180
gMjAa,4198
knL1A,4491
jW1gz,4274
knLBB,4492
jW1MA,4273
knLzX,4495
knP2A,4500
knPEL,4502
knLLv,4493
lPWj9,4609
lPWy9,4612
mmnWL,4765
nEPrn,4878
nEPKo,4876
nEPxa,4879
ormBV,5070
ormLj,5071
ormQK,5074
ormPa,5073
ormaB,5075
ormyj,5077
pyE2j,5154
q9rXE,5275
rx4Bm,5375
vRd45,5511
vRp1j,5523
vRp8p,5524
vRpK4,5525
vRpdV,5527
vRpy5,5529
vRpPj,5526
wlpLL,5670
rx4a3,5377
lPWLL,4608
ormmj,5076
wlpVd,5671
x6pX8,5808
wlpvG,5674
yApVA,5911
zp3QK,5986
yA9we,5859
zp3w5,5989
zp3w4,5988
zpwr1,6083
yApbR,5912
wlJMP,5612
kn0VQ,4449
Ox2Al,2715
3Awye,486
0RJ2M,97
3AxlA,491
3AwaL,484
1l3kK,234
3Agk9,466
0RlE6,145
1lz1W,304
78M8V,977
841ew,1141
78MG4,978
84Vnx,1176
8aL9r,1249
84RbG,1171
97WOw,1368
BQ2al,1583
97L9l,1343
AK9wx,1505
5XQXE,773
BQymv,1669
BQ2pw,1585
E1goo,1767
BQ2og,1584
LrB89,2449
K52xM,2218
GW2EB,1892
LrBJ9,2451
LrBw1,2453
Ox25k,2714
My2MB,2571
Ox2Vq,2719
PbBr6,2881
GW2kV,1896
Pb2V7,2865
Rg2eO,3101
Rg2Vr,3099
Wp2pr,3351
VABqJ,3207
XX2Lb,3474
XX2eg,3476
QeBRV,3017
XXBgW,3487
azakL,3664
azd55,3667
azdrO,3669
b0JRB,3729
dA8Mj,3827
dK0xw,3833
jW16q,4270
eQwaK,4087
eQw9O,4084
knLr9,4494
jW1J0,4272
lPW77,4607
nEPja,4877
lPWq3,4610
pyEeV,5157
mmno4,4766
nEPEd,4875
pyEq1,5158
py5AE,5143
wlpBA,5669
rx41R,5374
q9rKO,5273
zp334,5985
wlpWM,5672
zp3WO,5987
zpwlO,6082
q9r91,5272
zpP5b,6010
q9wnE,5279
1l3xl,235
0Rl76,143
264LG,313
26lbq,364
0Rla2,147
0RlAE,144
0Rlv2,148
26mqq,365
0RlWg,146
3AggP,465
4pgkV,662
4pggg,661
78ga4,1009
4pgoo,663
26w2B,371
5Xl5z,799
5Xlze,800
84o1E,1218
84oK2,1219
84oLE,1220
97V4d,1365
AKg9z,1542
78gav,1010
AKgXr,1544
E1gAj,1763
BQGw7,1615
E1gvA,1768
E1gba,1765
6Og4z,919
E1gM2,1764
78gwW,1012
GWK5Q,1932
AK9l3,1504
JmX06,2148
Jmg9X,2160
Jmgnm,2161
LrgXx,2504
MyvB5,2634
OxBVw,2739
RgB1O,3118
RgB98,3120
4pgOe,660
78gO3,1008
RgBnJ,3121
VABPl,3205
VABd1,3206
azB87,3626
WpBRd,3366
XXBy7,3488
azBK7,3627
jW1Eb,4271
b0w0B,3773
dKB8o,3870
b0B2e,3724
gMO3L,4176
jW71z,4291
knGGj,4486
lPk2o,4633
kn1yk,4451
jW7gL,4293
mmd4L,4747
dKBrB,3871
dKQjJ,3885
lPkXy,4634
nEJrx,4863
nEJxn,4864
q9wME,5278
q9w9w,5277
rxKxl,5395
py5kE,5145
pyxzw,5199
orzvg,5089
vRpvp,5528
vR1VB,5448
wlLoL,5615
x6WXp,5772
yAn8K,5909
zpPmr,6013
x6WnX,5773
zpPow,6014
zpPA4,6011
26kPR,361
0R7lM,86
26kKG,360
1lGXq,249
0R7Q0,85
0R7OA,84
0R7xB,87
26kb4,362
0R79E,81
3Ad09,461
3AdX0,463
3Ad5v,462
3Adwe,464
26kkr,363
5Xzpe,819
78gq9,1011
6O07Q,864
4pgME,659
78wg8,1048
78wvB,1050
5XzeO,817
78wJo,1045
78woo,1049
78wvw,1051
84K6w,1163
7az9K,1064
78w18,1044
84KP2,1164
84oMQ,1221
84ok2,1222
97QK9,1354
AKmmn,1554
BQB8Q,1606
BQE4w,1608
BQElg,1613
BQEK0,1611
BQE90,1609
97QWl,1356
E1gkP,1766
E19aP,1732
BQEEg,1610
GWJrQ,1930
GWbL6,1957
GWbR6,1958
JmgwR,2162
Jm4l6,2101
GWbXJ,1959
Jm4Jb,2100
GWb8B,1955
GWbmQ,1960
Jm45R,2098
K5785,2237
K572E,2234
LrGXV,2460
K5776,2236
K5Rde,2271
LrGEx,2459
LrG1x,2458
Myk2R,2618
OxBRO,2738
OxBwk,2740
OxJ2O,2746
OxJ7b,2747
OxJJb,2749
OxJmw,2750
Qe0Oq,2993
PbBk7,2880
Qe0K4,2992
VAM6p,3218
VAMrd,3220
Wp17d,3348
RgB3r,3119
Wp15K,3347
WpBkk,3367
Wp1Lj,3349
XXL7g,3503
XXL1g,3502
XXLBn,3504
XXLe7,3505
XXLjW,3506
azx7O,3691
azxBE,3692
azxGM,3693
azxj2,3694
XXBJm,3486
OxJ9E,2748
azxx5,3695
b0bnB,3748
b0bWl,3747
b0bzA,3750
b0bvA,3749
MG7BJ,2527
QeBqR,3018
b0BRl,3725
dK81j,3850
dK88w,3852
dK8aB,3853
gMGe5,4169
gMGGA,4167
gMG4a,4166
gMGJL,4168
jW7qb,4294
knzz6,4569
knzd9,4568
knGLB,4487
lP0ML,4572
mmdVO,4748
mmwxO,4784
gMxqB,4218
dK8mw,3854
nEK4o,4866
nEKQ5,4867
nEKnd,4869
orQQ0,5038
orQmm,5039
py5ew,5144
pyve6,5196
nEKjx,4868
pyvO1,5195
q9Mrg,5245
pyvvR,5197
rx1Ra,5370
q9MMz,5244
x6EEp,5760
wlmmd,5663
vR14B,5447
yArye,5917
yArpg,5916
yRGMA,5923
zpPJ4,6012
zpy7b,6087
x6EeG,5761
zpyPv,6088
yAn5a,5908
zpy05,6085
zpyw1,6089
vRPQw,5493
wlmJM,5661
wlLp5,5616
wlm4A,5659
wlVMd,5630
wlJEA,5611
wlmj5,5662
wlmG5,5660
26eVr,356
0RxQM,166
0R7M2,83
1lboW,271
1lGmQ,250
0R71o,80
26eqy,357
3AOpA,447
4pJ9o,632
5X4Re,755
5Xzm1,818
6O7We,869
6O0n8,865
78G68,967
5X4pm,757
78we4,1047
84Kex,1165
84kR1,1209
78wdB,1046
78xp9,1056
97QwE,1357
97QQW,1355
AKMLr,1517
97dlM,1376
97Qyp,1359
AKgM5,1543
AKmK5,1553
BQBzw,1607
BQEPv,1612
97Qxp,1358
GWm1B,1973
GWm06,1972
GWmMV,1976
LrGx9,2461
RgpGa,3167
GWmGB,1975
VAMP6,3219
Wp1wG,3350
XXAar,3485
WpAqr,3365
E1nl5,1775
b02Kl,3712
azo7a,3679
dK8qz,3855
dK86z,3851
eQ4rM,4029
eQoG4,4071
eQ42a,4028
jWAKw,4302
jWAOz,4303
knOyv,4499
lP0p9,4573
lP5M7,4579
eQoeg,4074
nEK25,4865
orGVj,5031
mm4eE,4714
rx1ow,5371
vRKWl,5479
rxr1l,5433
rxJl8,5394
lP59M,4578
mmw3q,4782
vRPqV,5494
wlQd5,5624
vRP2L,5492
wlQv5,5625
wlJ4P,5609
zp1k4,5979
wlmvn,5665
vRKx5,5480
wlmqP,5664
zp1x5,5981
zpy1O,6086
Pbz5X,2935
MyboR,2612
Mykx5,2620
QeAwx,3016
PbAy7,2878
OxAQq,2737
MybgJ,2611
OxAQk,2736
0RAjJ,94
1lbmM,270
0Rxxg,167
3A3qq,429
0RxME,164
3A340,428
5Xz8X,816
84A6A,1160
5X4MW,754
78A5v,958
78GWW,970
4pA1e,624
3AKXv,443
84kn1,1212
97daW,1375
BQ177,1577
84Alx,1161
AKMVr,1519
84kWx,1210
97d0p,1374
AKMyq,1520
GWAlq,1919
GWbGQ,1956
GWAyl,1921
E1n85,1774
GWm44,1974
GWgbm,1968
BQ180,1578
K576G,2235
JmAW6,2122
JmAQJ,2121
JmymR,2203
K5AB7,2242
K5A8e,2241
K5Apo,2247
LrxeR,2519
My87J,2573
Mybpr,2613
My8wr,2574
LrxwJ,2520
MykJ0,2619
OxAGV,2734
PbAQe,2877
PbAzz,2879
PbGrb,2887
OxA41,2733
QekoQ,3053
WpKlG,3374
Rgd6r,3147
VAwQd,3260
VA32V,3182
QeAp8,3015
WpKgr,3373
azE24,3628
XXQMx,3515
OxAPl,2735
azEw4,3636
azoAO,3680
b029v,3711
azEO7,3631
b0b2B,3745
azEPd,3632
azEbA,3633
azoR5,3681
b0bGA,3746
b0rgd,3767
dK9wO,3861
eQoQ9,4072
eQovR,4075
eQxMQ,4091
eQoRa,4073
ep3mR,4138
dK9RO,3860
dK95z,3857
gMAGq,4159
epQ7K,4139
gMePa,4190
gMpva,4211
jWA4w,4301
knOOQ,4497
lPLpG,4598
knOX9,4498
knOLa,4496
jWjzb,4330
lP5oy,4580
lPjnG,4630
mmjP4,4752
mm4op,4715
mm4x1,4716
mmwyv,4785
nEjQm,4898
or8a0,5026
ora6B,5050
pyO4w,5161
orang,5051
pyjBo,5188
q9BRw,5230
jW7bn,4292
q9dXm,5253
rxJGw,5392
rxjEe,5426
wlQL4,5621
wlQwP,5626
wlj81,5651
x6v0Q,5811
wlQao,5623
wlQWo,5622
rxjpw,5427
yAM2g,5877
yAM5J,5878
zp1BO,5977
x6vxj,5812
yAMKa,5879
zpXJq,6028
zp1R4,5978
zpj01,6045
0R79o,82
0RAzo,96
0RAb6,92
0RAdG,93
0RAqo,95
1l30G,233
1lp1G,287
1lpkJ,289
0RxPE,165
26Ad4,321
26AEr,318
26AXy,319
1lpeX,288
26AaG,320
26Aml,322
4pA2a,625
5XqWm,807
6OA28,872
5X4gO,756
78AXB,960
4pAKo,626
78GGV,969
848l1,1158
78AO9,959
84A5d,1159
84ArE,1162
84Vy2,1178
97Anr,1337
97Abl,1336
84p4d,1224
84kkW,1211
AKVpq,1529
E1A13,1733
BQXyE,1637
GWA0V,1918
K5Xbo,2274
LrOJ9,2471
K5AaX,2246
Jm4B6,2099
JmAPR,2120
K5AXG,2245
K5AOX,2243
LrOQq,2472
LrOrV,2473
Ox7AA,2724
Jmy5j,2202
Ox7yq,2727
PbG66,2885
PbGKe,2886
QekQP,3052
Rg2yO,3103
Rgd7W,3148
PbGw5,2888
VA8lp,3198
Rgdod,3151
RgdnA,3150
VAwn1,3261
azEM7,3630
XXQ77,3512
dK90z,3856
b0r2k,3766
azEm5,3635
azEg5,3634
b0rog,3768
dK98z,3858
XXQWm,3516
gMebA,4191
e395bdc5-4938-4989-a136-c441aa14c060,4017
jWEPw,4305
jWjpw,4328
gMezJ,4193
knjqj,4534
eQx29,4090
lPjq3,4631
dK9Eq,3859
nEjnL,4900
q9Bdw,5231
lPjOe,4628
pyj4G,5187
oraxj,5052
nEjk5,4899
rxjyw,5428
rxRLA,5404
wl5yG,5591
wlj75,5650
wljy5,5654
x6jrB,5795
x6d3p,5788
x6jyV,5796
yAjaJ,5905
yAjmJ,5906
zpjVb,6046
zpjdO,6047
wljM5,5652
zpjo1,6048
zpjz5,6049
26x8R,376
26xXl,378
26x5v,375
0RA5B,91
0RyQJ,172
0Ryp2,174
0RyGo,171
BQKvE,1619
BQKzw,1621
BQKxG,1620
3A32e,427
AKwd5,1570
AKwGj,1568
GWL6J,1938
E1Mba,1746
Jm53j,2102
Jm5Lj,2106
GWLOB,1940
K5mnG,2309
Myrnr,2633
GWLMx,1939
Jm5L4,2105
Qebw4,3044
Pbxnz,2933
Ox9mO,2730
VA8dd,3197
Wpd7r,3401
VA84V,3193
Ox7aE,2725
VAw8V,3258
VA8QV,3196
XX7ao,3483
VAwE3,3259
azEEd,3629
dK1qq,3837
eQLPg,4044
azQwM,3648
gMn09,4207
lPyM9,4658
lPygM,4659
b0v8k,3771
eQLkK,4045
mm934,4718
gMnL1,4208
gMnWB,4209
nE76Q,4855
nEx9a,4920
pye4X,5184
nExmJ,4925
nExMd,4922
rxR8l,5402
wlGn4,5607
wlGgL,5606
wljpL,5653
x6kQB,5798
x6kOX,5797
x6keB,5800
yAd1R,5898
yAdlE,5899
zpJx1,6005
yAMaR,5880
5XgWE,791
3Abxq,460
9746w,1323
5XgG6,788
4pAbG,627
5Xg8z,787
78OP9,984
5Xg0X,785
0Ry62,169
0Ry7E,170
1l9bM,240
0RykB,173
26xOv,377
3Ab8M,458
0Ry0B,168
1l9pX,242
3AbAX,459
4pepe,656
5Xg51,786
4pevq,657
5XgMm,789
4peAo,655
5XgdW,793
6ORGz,904
6OROW,905
78OgW,985
78OJB,982
9744d,1322
AKwax,1569
848aA,1156
BQK19,1616
GWLm4,1941
78OMw,983
BQKX7,1617
BQKmE,1618
AKwwA,1571
Jm58X,2104
K5m0e,2305
Jm5mm,2107
K5A4M,2240
K5m25,2306
K5m4G,2307
K5mro,2310
K5mJo,2308
LrErp,2456
5XgXz,792
5XgQe,790
LrEEq,2454
LrEzp,2457
Ox9JV,2728
Myrlr,2632
PbxJb,2930
LrEQJ,2455
PbxbR,2932
PbxxX,2934
Ox9KA,2729
Rge7x,3152
Ox9xA,2731
PbxV0,2931
QebvQ,3043
RgeEa,3153
VA3v3,3183
VA874,3194
VA83J,3192
VA8nr,3199
RgeMO,3154
Wp5MG,3359
Wp5WK,3360
XX77r,3480
XXQJB,3514
Wp5da,3361
RgeeA,3155
azQ0O,3645
XX7V7,3482
azQdL,3647
azQRd,3646
b0v0k,3770
dK1Bo,3835
eQL4y,4043
jWjqL,4329
knr16,4556
knr7a,4559
lPjxG,4632
knrgX,4561
lPyxA,4661
lPy5L,4657
mm9Jv,4719
nExEa,4921
nEj8B,4896
mm9m1,4720
nExP5,4923
nExqm,4926
knr5a,4558
orb0g,5053
Qebb8,3042
orbgK,5054
pye8W,5185
b0vpd,3772
nExzm,4927
pyeO6,5186
q98GE,5224
rxRJm,5403
rxR7w,5401
rxRxl,5407
rxROa,5405
x6jBB,5794
x6kXp,5799
yAnPK,5910
zp1qb,5980
zpJ2w,6001
knrVv,4560
zpJqr,6003
zpJpq,6002
zpJwb,6004
q9gq0,5256
yAdwa,5900
rxRX3,5406
wlGJ5,5604
zpJzb,6006
4pw1q,689
26x2a,374
1l9ml,241
0Rd40,126
0Rdr2,128
4peyG,658
1lJ0B,251
4pw8R,691
5XKrz,765
6OQnQ,901
6OQjQ,900
78vLV,1041
78vJo,1040
4pwre,694
5XKL6,764
848eW,1157
6ORV3,906
84M9x,1169
0RdEB,127
971E9,1315
84MJ1,1170
9710l,1313
AKy7A,1575
AKyBr,1576
AKy2n,1574
BQ94E,1595
BQ9M9,1598
BQ9mQ,1599
BQ9ql,1600
E1M1a,1745
BQ9Bg,1596
E1eLA,1761
E1eW5,1762
GWL4J,1937
GWR8J,1943
GWLzV,1942
GWRmQ,1946
Jm84b,2109
GWRy4,1947
GWApQ,1920
Jm8bP,2112
GWRQ6,1945
Jm8RJ,2111
K541e,2221
K542E,2222
K546G,2223
Lr7kp,2440
K5AV4,2244
Lr7PR,2439
Lr7A9,2438
K54Ly,2224
MyGgE,2580
MyGRE,2577
MyGqJ,2582
PbJE0,2890
PbJBe,2889
PbJqz,2892
PbJjb,2891
VAr11,3255
XX12n,3469
WpM1a,3375
OxdXq,2782
eQgXQ,4058
gMlK0,4199
VA8Kd,3195
gMlOA,4200
gMlaJ,4202
XX14E,3470
gMlR1,4201
jW2Oo,4277
jW27q,4275
jW29n,4276
knV0A,4507
jW2zz,4280
knVEj,4510
gMlr1,4204
jW2m0,4279
jWE6L,4304
knr2L,4557
knVXL,4511
lP2z7,4577
mm28q,4709
lP2me,4575
lPyp3,4660
nE2gB,4841
mm2E0,4710
mm2p4,4712
nE2rQ,4843
nE20a,4839
or2lR,5021
mm2Rp,4711
py2lj,5133
q9avL,5251
py2PG,5132
rxJkm,5393
vR2r5,5450
vR2x4,5451
py2x1,5135
wl23P,5582
wl291,5583
wlGWA,5605
x62AQ,5746
yA2b2,5857
vR2kV,5449
yA2zr,5858
zp205,5982
zp2Vr,5984
wlGyM,5608
nE2Bm,4840
wl20A,5581
dKekz,3913
b0xgg,3775
eQgRK,4057
az9ea,3622
dK1oB,3836
XX7BW,3481
XX1Lm,3472
XX1ex,3473
4pwRe,693
1lJvX,254
26zOx,380
4pw49,690
4pkBq,664
1lJ8l,252
1lJKQ,253
78z0o,1060
26zRa,381
6OQy0,902
78zVw,1061
78vQV,1042
78zy4,1063
6OQOO,899
840jx,1137
AKnPq,1556
971R5,1317
AKnRz,1557
6OJqQ,880
971Jr,1316
840Qd,1135
GWRLm,1944
BQP0g,1629
JmeJ4,2159
K5KnE,2258
K54do,2226
K54xy,2227
K5gGy,2294
K5407,2220
BQ9K0,1597
MyGa5,2579
LrRox,2484
Lr78p,2437
OxOgE,2766
Pb8aX,2875
Qe4lq,3006
Qe4PV,3004
Qe4o4,3007
Rg0M8,3098
MyGVm,2578
WpzJd,3423
Wpzva,3424
XX08o,3466
az9rA,3623
Qe4JP,3003
b0Pgq,3731
WpMQL,3376
XX17g,3471
dKEOB,3872
gM900,4155
gM9pB,4157
Rg7zd,3109
knVrj,4514
kngWQ,4531
lP2xL,4576
jWewo,4324
kngEk,4529
knjLX,4532
knVyQ,4515
lP2Po,4574
lPR1G,4606
mml3L,4754
nE6QQ,4853
nE61B,4852
mm27v,4708
py2qw,5134
orboB,5055
py8PR,5147
orOvV,5033
py8Vw,5149
q9aoo,5250
vRJmX,5478
py8QX,5148
rx7nA,5382
py8p1,5150
wlz4L,5686
wlz9P,5687
zpKMK,6009
x62oV,5747
wl2MA,5584
zpKG1,6007
yAwEJ,5919
yAw3e,5918
0R8pB,89
1kd9l,218
3A8EL,435
3A840,433
4p416,603
1l42K,236
3A860,434
0R8Mo,88
4p4BE,605
4p41e,604
4p4qe,608
4pwMe,692
4pkve,667
4pkPg,665
4pLA6,635
6OJ98,879
6OJxe,881
78v7W,1039
78kd9,1017
840bQ,1136
840KG,1134
78vzw,1043
6OJ1W,878
84dBr,1196
840rQ,1138
97wJW,1390
97W29,1366
97wzq,1391
84dlx,1198
97JEM,1341
AK1vj,1490
84dqG,1199
BQPQ0,1633
E1PQA,1752
BQPOv,1632
E1Pl3,1754
AKn1n,1555
K5g86,2293
BQPLg,1631
BQPjE,1634
E1rd2,1780
K5gOG,2295
K5ge7,2296
K5xMe,2325
K5xnM,2327
LrRgQ,2483
LrR8q,2480
MylVK,2621
Lrb5P,2494
OxO7q,2764
Ox5Qw,2723
OxOAq,2765
Pbl5p,2918
MylgJ,2622
Pblg7,2920
OxOv1,2767
Qe4WJ,3005
Mye15,2614
RgAGW,3114
RgAzW,3117
Pblpz,2921
VAv16,3257
RgAxx,3116
VAJmp,3213
b01M3,3707
azMl7,3643
b0P25,3730
b0PlA,3732
Lrb3V,2493
VA79V,3188
XX0rW,3468
dKW4q,3892
dKEgz,3873
dKW5z,3893
dKWmO,3898
eQrLO,4079
eQnJQ,4068
gM9V9,4156
gMm30,4205
dARrX,3829
gMmwq,4206
jW2ge,4278
kn9vL,4472
lPxwG,4655
knjeB,4533
lPxzk,4656
knV3B,4508
mmld4,4756
mmbrv,4745
mmb1v,4742
mmlwO,4757
nE2km,4842
nEeyJ,4895
nE6lm,4854
orgER,5061
orgWg,5062
kaQzv,4448
py8y6,5151
pyRdX,5170
pyRWj,5169
q9lAw,5262
mmbP4,4744
vRB5l,5463
rx2Qw,5372
wlBr4,5603
wlBAA,5600
vRJJw,5476
vRBlB,5467
q9lP1,5263
dKWRq,3896
rx70K,5380
vRBOl,5466
wlzjG,5688
x6BmB,5759
x6BPl,5757
yAB3E,5864
zpBO9,5994
yAwoA,5920
zpKKO,6008
E1rel,1781
Jm9r4,2119
K5g2e,2291
K5g65,2292
GWExB,1925
GW9xQ,1917
GWEa9,1924
Jm8jX,2113
26OgR,334
0R6g0,79
3A0Bv,425
1lAwM,243
3A8RA,436
0R6b6,78
1lAzJ,244
3A8mA,437
4p4Go,606
5X7MX,759
78k13,1015
78kgv,1018
AK1Jz,1487
BQLd9,1625
6OGyo,877
4p4Xg,607
BQLMw,1622
AK1XE,1488
BQLe7,1626
78kxw,1019
BQ477,1587
Jm9Bb,2115
E1PLo,1751
E1PkG,1753
BQLvv,1627
Jm9X6,2117
Jm9G6,2116
JmnlX,2186
K5xRo,2326
Jm97R,2114
LrRR9,2482
JmwE7,2200
LrRE1,2481
Lrbj9,2498
PblLb,2919
PblwX,2923
OKKXk,2654
Rgn1d,3165
Qe6PR,3010
LrbQR,2496
VA7Xl,3189
VA7ep,3190
Wpz7Q,3422
XXk2b,3529
XXkJB,3531
azM8O,3640
azMB4,3641
b01Xq,3708
azMyL,3644
VA7jW,3191
dKWrj,3900
azMe2,3642
b01ag,3709
eQB1M,4042
eQ4zy,4030
jWyAb,4347
jWypw,4349
knVl9,4512
mmLw1,4732
eQnRg,4069
b01qB,3710
mmbyg,4746
nEeln,4894
knVoA,4513
jWybA,4348
nEly5,4909
pyRpj,5172
q986g,5222
nExjn,4924
orgxj,5065
pyRrR,5173
q9lxL,5266
vR70B,5455
rx6yw,5379
vRBnw,5468
vRBGV,5465
wlB0o,5597
vRJgw,5477
q98oz,5226
wlB4o,5598
wlB95,5599
zpBQK,5995
wlV6P,5628
zpBe5,5999
wlzyn,5689
E1PJl,1750
zpBkK,6000
zpBe4,5998
1laRl,269
6OGR0,876
5XaEW,780
78a34,997
26ava,352
3AGyP,442
3AakP,457
78kzV,1020
84aGr,1188
78kao,1016
97akp,1373
97J2q,1340
78anw,1001
0Raj6,120
AK1on,1489
AK1wM,1491
BQLOg,1623
BQLPl,1624
78zaK,1062
E18jA,1731
E1ral,1779
GW73q,1909
E1P65,1749
GW97Q,1916
GWELl,1923
GWE7J,1922
E184o,1729
K59eG,2239
Jm9jb,2118
K5x1y,2324
Lrb8x,2495
LrbV1,2497
Ox7xq,2726
OxK6w,2752
MyeQR,2615
OxKb1,2753
OxKrl,2755
Pb8gJ,2876
Pblq5,2922
PbQ35,2902
Pb8R7,2874
Qe61P,3008
Qe6pV,3011
QevyA,3061
RgAgr,3115
Rg8mr,3113
Qe6GP,3009
VAJ0J,3211
VAnxV,3245
XXk77,3530
XXmME,3534
XXkvg,3532
VA771,3187
VAnlp,3244
XXmlW,3537
dKA4A,3863
azRwM,3651
dKWaJ,3897
dKWKB,3895
dKWyw,3901
dKWo1,3899
gM2ak,4144
dKW6w,3894
MyezB,2617
gM2kL,4147
gMex9,4192
eQneM,4070
gM2dL,4145
jW5K9,4285
jW5Bo,4284
jW5Q0,4287
knoRv,4550
jWeyq,4325
lPjP3,4629
mm25E,4707
lPvyG,4652
kn9l6,4471
mmbJ0,4743
mmo5v,4767
mmwn0,4783
knov9,4552
orgr7,5064
orgo7,5063
mmo6L,4768
oroMg,5078
pyR0G,5167
pyadj,5177
q9lg0,5264
q9lqg,5265
vRonB,5521
pyR2o,5168
q9o6w,5267
vRo6l,5514
vRB0p,5462
vRBEL,5464
wlBGA,5601
wlBoG,5602
wlov4,5668
x60vR,5743
x6Bap,5758
x6B0B,5756
x6oPV,5804
x6ogG,5806
zpBdb,5997
zpoG5,6065
zpBRK,5996
0Raq0,121
26aeR,351
5XalX,782
0Raq6,122
5Xv1e,809
1la9J,266
5XaQe,781
4pknV,666
84akQ,1191
AKa9E,1537
78a4K,998
84dkA,1197
E18eG,1730
BQae0,1639
AKk4n,1550
GW7KQ,1910
AKaBz,1539
GW7Lq,1911
E182o,1728
97a15,1371
GW7g4,1912
K5J1X,2255
Jmd4P,2156
LrzLx,2524
K5JK5,2256
Lrze9,2525
LrzER,2523
Lrzg4,2526
OxKqb,2754
QeEVQ,3021
My08m,2568
Qe6xJ,3012
PbQmJ,2903
QevXV,3059
Oxzbq,2818
WpP1g,3377
azReO,3650
XXm3g,3533
Wpz0a,3421
Qevm8,3060
dKAjX,3869
dKAGB,3866
dKA8o,3864
dKA9J,3865
XXmQr,3536
dKAa1,3867
dKAbw,3868
b0l2v,3759
eQpX4,4076
jW5Mz,4286
gM2j5,4146
gM2BA,4142
gM2la,4148
knojv,4551
jW5xz,4288
lPo0L,4641
knoLj,4549
lPokL,4642
mmojE,4770
lPomM,4643
mml90,4755
pyRo6,5171
nEol5,4913
oromV,5079
nEoBQ,4911
oroza,5080
pyavE,5179
nEoXx,4912
nEonx,4914
q94Pz,5214
vRo7j,5515
vRoGL,5516
rxab3,5417
rx728,5381
vRojV,5520
rxa3a,5416
wlo0d,5666
wloLP,5667
zpoEw,6064
x6o7Q,5802
vRoP5,5519
x6oXn,5805
zpozK,6069
1laKl,267
3AA69,439
3Aa2L,455
1laLq,268
1llPW,281
1llnG,283
3AA4P,438
26aLq,350
4pp1R,677
4pana,653
4paj9,652
4ppdq,681
3Aadd,456
4pap6,654
4pp7g,678
5XXVm,776
5Xa51,779
6OO9o,894
6OO6o,893
6OOzr,898
7880K,951
5XkMK,795
78a98,999
84a2G,1186
844ww,1152
84a0x,1185
78aWV,1000
844J2,1150
84aeW,1190
84anW,1192
84aL1,1189
84aAQ,1187
97a9M,1372
AKaAM,1538
AKaOj,1540
BQQWv,1635
977KE,1326
BQa5E,1638
JmdaJ,2158
6OOwQ,896
GWWlQ,1951
844mw,1151
E180l,1727
JmmE8,2180
JmmER,2181
Lrrnx,2512
K54VG,2225
K55z5,2233
LrrAx,2511
JmmoR,2184
Myy1K,2642
MyygE,2644
OxK4q,2751
OxxpE,2816
QeexV,3050
Oxx81,2813
RgMx8,3132
RgMJr,3130
K55v6,2232
RgMg2,3131
Rggr5,3159
WpPAd,3379
WpP4j,3378
WpPwr,3382
VAnAV,3243
WpPnr,3381
WpPPL,3380
WppLa,3409
Wppla,3411
XXmPo,3535
eQpxg,4077
azR5a,3649
XXmxn,3538
dKA3q,3862
b00MB,3702
b0l3q,3760
dKKdw,3878
b00nA,3705
jWW9q,4317
gM250,4141
kngJL,4530
knnJB,4548
kn976,4470
lPPE7,4601
mmmQg,4760
mmoG0,4769
mmmRl,4761
orlEm,5069
q9ozg,5268
pyao1,5178
rxxL3,5443
rxxAa,5442
rxxp3,5444
vRRmw,5498
vRoKV,5518
vRovm,5522
wll85,5658
x6oqX,5807
x66g8,5752
yAA6R,5860
zpoRv,6066
zpov1,6067
zpowK,6068
zpozb,6070
zpp5O,6071
zppGO,6072
vRoJ4,5517
3AArX,441
4ppAg,679
4p4yq,609
0RR70,114
4ppk9,682
2667x,315
6OOd3,895
6OOxW,897
844yx,1153
977Q9,1327
788vw,953
AKKxM,1516
E11Oa,1719
BQQoe,1636
GWWVx,1950
AKKr5,1515
Jmm8P,2179
JmmpJ,2185
JmmeP,2183
5XXP1,775
4ppOo,680
788Qo,952
MyeRM,2616
977nl,1328
E11kl,1720
Lrrrq,2513
K550o,2228
Oxx91,2814
Oxxvl,2817
Pbbx6,2911
Qeeq4,3049
Rgg42,3157
VAAWr,3202
Rgg1A,3156
RggoO,3158
XXXWE,3521
VAAm4,3204
azzA4,3698
XXXOn,3520
XXXmr,3522
Wpppd,3412
azzgd,3700
azzka,3701
eQQ0K,4046
eQQJM,4048
azzPO,3699
dKW3X,3891
b00el,3703
eQQpg,4050
eQQ89,4047
knn3B,4546
eQQVl,4049
jWWnn,4319
gM2K5,4143
lPPMo,4602
knn3j,4547
lPP69,4600
lPPQk,4603
lPxp7,4654
mmme4,4762
mmmnp,4764
mmmmE,4763
nEjPo,4897
pyyaw,5202
pyyER,5200
q9aJL,5249
q99km,5229
vRRdm,5497
vRR6j,5495
vRR8X,5496
pyyyw,5203
q991E,5227
q9930,5228
x66Jj,5749
yAA8a,5861
x66el,5751
0R1yM,63
1lLpB,257
1lLoG,256
266xy,316
1lL6G,255
26W8l,343
3An19,468
3An4e,469
0R1k2,62
3AnPv,471
6OQzr,903
0R1XJ,61
78r1V,1027
3AALL,440
5X58b,758
78rG8,1033
78rmW,1036
84y91,1242
26WnG,344
78rQv,1034
78ro9,1037
9798d,1330
977xM,1329
979Aq,1331
267Ex,317
979Ol,1332
AKAzj,1507
BQpVl,1659
AKK8j,1514
BQp9g,1657
BQpb9,1660
BQpeQ,1661
GWV2B,1948
JdgqX,2081
JmaW7,2153
AKAkx,1506
K55QM,2231
K55AX,2230
JmmP7,2182
K57ao,2238
K5Vg6,2272
GWVLV,1949
JmarR,2154
QeV4P,3035
QeeWR,3048
LrryQ,2514
OxV3O,2777
RgV8O,3137
RgVm5,3139
VAVPW,3225
VAAVl,3201
VAVXV,3227
XX0Qo,3467
b00vg,3706
MyyM5,2643
RgVKA,3138
azVpd,3654
b0V55,3740
dAAV1,3828
b0Vzq,3741
dKVPA,3888
eQxnQ,4092
dKVrJ,3890
j56Ke,4269
azVy4,3655
WpVy2,3390
jWqWz,4339
kn5mA,4463
gMqJ9,4212
jWqvz,4340
mmm2g,4758
pyqpX,5194
q9qE0,5269
q9qr1,5271
orqMW,5081
pyqKw,5193
orr8R,5083
mmq6O,4775
vRRvl,5499
wlq4L,5675
vRqgw,5530
wlqd5,5676
yAq02,5913
vRqpX,5531
q9qgg,5270
zpq2O,6073
zpqP1,6074
zpqlb,6075
yAq7g,5914
XXVn7,3517
jWqEn,4338
1l2dM,231
0R2xG,70
1l2Ml,229
0R2pA,68
0R2BA,66
0R2LB,67
6OEbe,873
782V8,947
0Rdvo,129
6OEoo,874
0RROA,115
782Mv,945
6OExO,875
78r2w,1028
78r4v,1030
78r7B,1031
842x1,1144
8421x,1143
979g5,1333
979yd,1335
972Vp,1319
E1r6j,1778
GWd29,1961
AKOpn,1523
GWdKx,1963
AKOmx,1521
E1Gga,1740
Jma76,2152
K5wBo,2321
K5wbX,2322
GWdw6,1965
LrKaJ,2466
LrKXR,2465
MyQ70,2596
LrKxP,2468
K5w27,2320
MyQvr,2599
OxdE3,2781
78r44,1029
OxMBA,2761
LrKq4,2467
BQpQ0,1658
Pb1Pe,2860
PbVKX,2904
QeL2Q,3026
RgWa5,3141
VA4Mr,3185
RgWwO,3142
VAA36,3200
QeLlQ,3028
VAAX3,3203
VAE3V,3208
QeL5R,3027
VAEQ3,3210
VAE4W,3209
VAVQp,3226
Wprka,3414
Wpr7a,3413
WpVxG,3389
XXydm,3554
XXyBE,3552
XXVpE,3518
MyQJm,2597
XXygE,3555
WpV4G,3388
b0pGl,3763
azA04,3624
dK30z,3838
b0pWv,3764
dK3r1,3842
dK34B,3839
eQjd4,4061
dKVoJ,3889
eQjJQ,4060
gM8GL,4151
jWGwz,4309
jWGvL,4308
jWG7b,4306
kn5kj,4462
kn5PQ,4461
knkEQ,4536
knPqv,4505
knkwQ,4538
knkxX,4539
nEzJa,4928
or0VV,5017
mmJd1,4731
nEqwQ,4918
nEzaa,4929
orqWm,5082
pywbE,5198
vRL9L,5483
q95vz,5216
rxQVA,5398
or0wW,5019
vRLnp,5484
wlW4o,5631
wlWA4,5632
wlWdM,5635
wlWOA,5634
x66VX,5750
yAAMA,5862
x6qLV,5809
yAP42,5881
zp28w,5983
zpm3q,6053
zpm0v,6052
zpm6O,6054
zpm7r,6055
zpmww,6059
mmm9g,4759
4pP2g,640
1l2zQ,232
4p2KV,600
6O2Mz,866
2624R,308
4pPKE,641
262l4,310
3AnA9,470
1lEnX,248
0R23B,65
0R22B,64
1l23Q,228
1lEMQ,246
262Xx,309
0RmWA,150
1lEBX,245
262zG,311
4p286,598
3AyEM,493
26r1x,368
4p2WR,601
26vRa,370
3AyoA,496
4p9Gg,621
5X2KE,753
5Xx81,813
6Ob9z,907
6O7Er,868
5XdlE,783
6ObjO,910
6Obl3,911
972al,1320
78eqV,1007
84gzE,1205
78eQK,1004
78r94,1032
84gpA,1204
979j5,1334
972gE,1321
97RM9,1361
97Rlr,1363
97Rmr,1364
AKoQn,1559
AKOon,1522
97RXW,1362
E1GP3,1739
E1G0o,1738
Jmz6J,2204
JmzMR,2205
GWd8x,1962
Jm0qP,2084
K506M,2210
BQ8w0,1594
LrVLp,2485
MyKpE,2590
MyQOB,2598
OxMvb,2763
Oxvrl,2803
RgL12,3127
Oxxmk,2815
OxMKO,2762
RgWAr,3140
RgLmW,3129
VAmeW,3240
RgLKr,3128
VAmk6,3242
WpE3K,3368
VAmjd,3241
WpEor,3369
XXyXn,3553
XXy1x,3551
az62M,3617
azA97,3625
azVjL,3653
b0AG3,3722
b00jd,3704
b0A5v,3721
dK3Lw,3841
b0pxl,3765
dKXzj,3906
eQ3Kg,4026
eQjnK,4062
gM8b5,4152
gM8Eq,4150
eQroK,4080
gMGv9,4170
gM8lq,4153
jW4Qb,4282
lPG93,4590
kn73X,4465
kn71j,4464
jW4a0,4283
knknk,4537
kn7bB,4466
jWGMo,4307
lPGly,4592
nEd9m,4889
or0qm,5018
nEdMQ,4891
or5nK,5024
pyzPV,5205
nEdgL,4892
q901m,5208
pyzX6,5207
pyzVX,5206
q90Qe,5209
q9541,5215
q95ww,5217
rxQx8,5400
rxQ70,5397
rxQq8,5399
rxwG3,5439
vRLrB,5486
vRL4L,5482
vRLqm,5485
vRMVm,5488
vRMe4,5490
vRMm5,5491
vRqxV,5532
wlWBG,5633
x6nEl,5801
x6LVQ,5768
zpmWK,6057
zpmdb,6058
zpnXb,6061
zpnxv,6063
zpneb,6062
4pM1R,636
4p9a6,622
6Oba0,909
1lEaq,247
6OL3e,886
0RmmA,152
0Rmd2,151
1l2VW,230
84nJ2,1214
AKo8n,1558
BQ81Q,1592
78W73,991
84gV1,1202
BQOWG,1628
972RW,1318
K5orG,2315
97PB5,1348
LrwB4,2518
PbM77,2898
MyKA5,2587
MyOgB,2593
Qe114,2994
OxvGO,2802
Qe17Q,2995
XXrAr,3540
Qe1yA,2997
Wppak,3410
az694,3618
XXrWo,3541
b0AoA,3723
azVB7,3652
dKXbw,3903
Ox48V,2722
dKXVq,3902
az6OA,3619
Pb1p7,2863
dKXyB,3905
dKydj,3949
dKywo,3952
jW420,4281
eQ3pR,4027
jWRlA,4313
gM8qJ,4154
kn7g9,4467
mmx1p,4786
kn7jv,4468
lPGw9,4593
nEdEm,4890
kn7xj,4469
mmxBp,4787
mmk7p,4753
dKXez,3904
rxwKm,5440
or5ma,5023
orXWV,5046
py3L6,5140
pyz0R,5204
lPGyA,4594
rxww0,5441
q90je,5210
x6aRn,5780
wla8o,5640
wl1EP,5580
GWpy4,1986
GWkM9,1970
JmjE8,2164
E1VlP,1755
GWkkJ,1971
yAavA,5895
Jm0nj,2083
BQg09,1643
wladn,5643
koGQj,4570
x6agV,5783
zpmMv,6056
K5576,2229
Jmzz7,2207
JmjJ8,2165
Jmjr6,2172
K500e,2209
K50OE,2211
K5004,2208
GWprx,1984
Jmm58,2178
3Avd9,483
26Qq4,341
4pMva,639
0RmPA,149
26QKq,336
5X1yE,752
0R50A,71
0R5o2,77
6OLgr,889
78WyV,994
6OLlW,890
84n7G,1213
78v6w,1038
6OL50,887
78W0B,990
6OL13,885
BQgqw,1647
97PWW,1350
BQgwQ,1648
AKeBq,1541
97Pxw,1353
GWdom,1964
E16Xl,1726
GWpnJ,1982
GWpOl,1981
GWpw9,1985
K5oR6,2312
JmjpJ,2171
K5oe4,2314
K5oae,2313
MyOBB,2592
Lr2qV,2436
Jmj37,2163
Pb7q7,2872
Pb1oz,2862
XXrbb,3542
Rgk42,3161
XXypB,3556
Pb7wp,2873
XXKWE,3500
azmpa,3677
dKyLA,3945
azmy7,3678
jWRMn,4312
eQvMO,4082
dKyLz,3946
eQ9Gg,4035
mmAW0,4722
knlbL,4542
knlBQ,4541
knlp9,4544
nEpbd,4917
q9je1,5259
orXeR,5047
q9jkw,5260
q9jxg,5261
rxob0,5432
vRadw,5506
x6LaR,5769
x6a7B,5779
x6azp,5784
yAayg,5896
wlaJd,5641
x6abR,5782
yAaG2,5894
0R5eg,74
26QQ4,339
26QLa,337
26QOR,338
0R5RJ,73
3Ayle,495
26QWv,340
0R5m2,76
97Pwr,1352
BQgAQ,1644
JmjKJ,2168
GWpp9,1983
GWpzl,1987
Jmjd6,2170
JmkW7,2176
LrJpV,2463
K5o0o,2311
Oxwbk,2807
MyOlo,2594
Ox44A,2721
Oxwbq,2808
MyOz5,2595
PbKr7,2895
Pb7bb,2871
Qe1dR,2996
QeGzx,3024
VA0KV,3177
Rgk08,3160
VA0o1,3179
VA0vJ,3180
XXK47,3498
Wpnlr,3408
QeQR4,3032
VA0mr,3178
XXKAg,3499
azm6d,3676
XXKxx,3501
b0EEk,3727
b0E9l,3726
b0RK5,3734
dK35z,3840
dKygq,3950
dKyXA,3947
eQ99a,4034
eQA1K,4037
dKyoO,3951
gMbg1,4187
gMbbL,4186
knl2a,4540
gMbqa,4188
eQ9LM,4036
knlov,4543
lP669,4581
lP6G9,4583
lP6xo,4584
nEp5J,4915
mmAXv,4723
orX5B,5042
lP67G,4582
mmAbE,4724
orXOa,5045
orXxm,5049
orXjg,5048
py37j,5136
py38E,5137
py3Jo,5138
py3Kj,5139
q9Gne,5238
q9j0w,5257
rxoLa,5431
q9j5m,5258
wlaM4,5642
vRaKL,5505
yAQ1e,5882
x6a0V,5777
x6aal,5781
zpa25,6032
vRavX,5507
zpaW9,6033
zpap4,6035
zpamq,6034
5X1dX,750
4pM6E,637
4p9nq,623
4pMMe,638
6OLGO,888
4pyjE,700
5X1a6,749
5X1mE,751
84nnr,1217
97Pjw,1351
97P95,1347
97PPp,1349
78Wev,992
84nnA,1216
84ngA,1215
6Oxn3,931
26E0G,323
26E9y,324
0RP96,112
1lmXQ,285
0RPJA,113
26EKa,325
4pyL9,698
1lmjM,286
AKjGA,1547
AKjE5,1546
BQP67,1630
975Gp,1324
5X9r6,760
4pyqG,701
AKjp5,1549
BQgke,1646
BQonQ,1656
E11LA,1718
GWk4V,1969
Jm0Q7,2082
JmjVJ,2169
JmjK7,2167
JmkGJ,2174
JmkLX,2175
JmkXJ,2177
K5db7,2284
LrJ0V,2462
Myz20,2646
MyzPo,2649
MyKoM,2589
Myzjo,2650
OxwBq,2804
MyzpM,2651
Myzw0,2652
OxwXk,2806
OxwmA,2810
QeQrV,3033
Oxwml,2811
VAJV6,3212
PbKdJ,2894
RgQL2,3136
XXPn7,3511
azg2a,3671
VAWQp,3228
azgWE,3673
b0RQv,3735
RgvGd,3172
dKyaX,3948
RgvEx,3171
gM5BL,4149
eQAXa,4040
eQAmR,4041
eQABK,4038
jWolq,4335
kn2e9,4456
lPBMM,4588
kn2KX,4455
lPBw7,4589
knV6j,4509
nE81x,4857
kn2vj,4457
nE8Oa,4858
jWo3w,4331
nE8lJ,4859
nE8mn,4860
vR0Xl,5446
orXJR,5043
rxkzA,5429
py7Kw,5146
nEElQ,4862
q9Gr1,5239
vRaJ5,5504
wlwJ4,5678
x6a1B,5778
yAAQE,5863
yAQKE,5883
zpvkw,6079
yAQyK,5886
0RP5E,110
1lmEM,284
0R5jB,75
1l1nq,227
1l1Bq,223
0RMQA,104
0RMGg,102
0RMKG,103
2657r,314
3A22A,426
3Ar0A,478
3Arjq,480
3Aryd,481
26EWy,326
26Ln4,328
3ArOe,479
4p5je,615
3AyLA,494
4p516,611
4p5oE,616
6Oxrz,932
7820v,944
78E09,963
84edE,1200
84eeQ,1201
4pyP9,699
975j5,1325
GW4vq,1901
GW4bV,1900
Jmk4j,2173
AKjaz,1548
GW44x,1897
JmVb4,2147
K5OyM,2265
K5dV5,2283
Lr2d1,2435
Lr8pp,2442
LrJw4,2464
AKj83,1545
MyzMr,2647
Myz0K,2645
OxG8k,2741
K5Oze,2266
Pbkp7,2917
3ArzX,482
78bvK,1003
QedgR,3046
Oxwll,2809
RgvPx,3173
VA4wV,3186
VAKqV,3216
RgvW8,3174
Wp5lQ,3362
Wpn9G,3407
WpQOk,3385
b0rpq,3769
b0yGl,3776
azg52,3672
XXvlE,3545
OxG8q,2742
b0yKk,3777
XXvjo,3544
b0RRv,3736
azgX4,3674
dK6Aj,3845
dK68B,3844
dK6gz,3848
dK6ew,3847
dKx4X,3941
dKxOO,3942
dK6Wj,3846
eQAQM,4039
eQbEQ,4053
jW6a9,4290
jWoGA,4333
jWoAn,4332
kn22v,4452
jWoWw,4334
knA3a,4475
mmXg1,4738
nEzpx,4930
knA0L,4473
nE3am,4844
knARa,4479
nEpRB,4916
or4JK,5022
q9Gaz,5237
q92A0,5211
rxBAe,5385
vR4W4,5452
x6K68,5766
wlwlo,5680
vR4lm,5453
wlwan,5679
yAQWx,5884
yAQdJ,5885
zpnG5,6060
0RMe6,105
0RejE,132
1l1dX,226
26Loy,329
0RMo0,106
26Lpq,330
4p96a,620
5XA06,761
782RB,946
5XPmX,770
6Om8e,921
6Omye,923
78EL3,965
78eeo,1006
84ggW,1203
84rLx,1226
84rMW,1227
26Lvl,331
84rkr,1230
84rX1,1228
84rgw,1229
97ynd,1397
97yGr,1395
BQAd7,1603
BQAo0,1605
BQo5G,1655
E1Opl,1748
BQA1Q,1601
E139K,1721
GWoJ9,1980
GW4Vm,1899
JmVV8,2145
BQAaE,1602
GW47m,1898
JmVab,2146
K5Oqy,2264
Lr869,2441
K5O06,2259
K5dxX,2285
K5OV6,2263
K5OK7,2262
Lrvp4,2517
OxGl1,2745
Pbk87,2914
PbkGz,2915
Qed8V,3045
PbkMJ,2916
RgJdW,3125
Rgnja,3166
RgvvA,3175
VAmK3,3239
VAKLl,3214
WpQra,3386
WpQ52,3384
azX1M,3656
RgJga,3126
WpQxg,3387
b0yP5,3778
dKxmO,3944
gMVaB,4182
gMgG1,4194
gM9wA,4158
gMgW1,4196
jW6Rz,4289
gMgj9,4197
knAbv,4481
kn2Av,4454
knA2j,4474
knA86,4476
XXvon,3546
lPGPk,4591
lPpqy,4646
lPpyG,4647
mmXm0,4739
mmAMq,4721
mmG6E,4727
nE3kL,4845
nE77d,4856
nE3oQ,4846
orjom,5066
orjrm,5067
nE5an,4850
rxBQ3,5386
pyodR,5192
rxBq3,5388
vRM4m,5487
wlw7L,5677
wl7JL,5592
vR00V,5445
x6G18,5763
OxGMb,2744
1l1QM,225
yA2Oa,5856
yALvr,5875
x6K1G,5765
zpdpv,6039
yAkKx,5907
0Req6,134
3AlBL,467
1lgOQ,278
0Rek0,133
0RexJ,135
0RM0o,101
4p6do,619
1lgWB,279
4p6AV,617
4p6a6,618
6Op0O,924
5XAGW,762
5XXb6,777
6OpKr,925
5XAWK,763
4pywq,702
78rX4,1035
4p54a,612
78XOv,996
78eX8,1005
8438x,1147
78X79,995
97j7w,1383
97jeE,1387
8430A,1145
97yaq,1396
AKMOz,1518
97y7q,1394
AK4L3,1493
BagKl,1672
E13ga,1723
AK6Vj,1497
BQ5KG,1589
BQ8Re,1593
E1dra,1760
GWzX4,2001
JmavP,2155
JmKwP,2128
GWzpJ,2003
JmVAJ,2143
K5O5E,2261
K5BWE,2248
K5O2o,2260
K5QLM,2268
JmK04,2127
LrbyJ,2499
K5Qgo,2269
K5QxM,2270
LrvKV,2516
OxLB3,2757
MyGjr,2581
MyMA5,2591
Lrv7p,2515
QeeO4,3047
OxLlO,2759
OxLrl,2760
OxLAl,2756
OxLWq,2758
OxwOb,2805
QenP4,3054
RgP1W,3133
RgPM2,3134
VAyE1,3262
XXxJg,3548
azX8E,3658
XXxzn,3550
azXRA,3659
XXvQx,3543
azXV7,3660
dKoJO,3929
b0R33,3733
b0RVg,3737
b030l,3713
b03Vl,3714
dK6oz,3849
dKoPj,3930
eQ2bO,4024
eQ2VQ,4023
gMgQL,4195
gMoqq,4210
jW8O9,4295
jW8lb,4297
jW8q9,4299
kn42k,4458
kn4Kk,4459
dKoVq,3931
gMVo0,4183
XXx97,3547
azX6a,3657
lP7ey,4586
jW8j0,4296
lP7yA,4587
knAVL,4480
lPpPe,4644
mmxLE,4788
nE5zd,4851
ordPV,5056
mmaLO,4740
lPqeA,4648
nEejm,4893
ordX7,5058
pyobw,5191
q9zLL,5282
rx01K,5366
mmGVp,4728
rx0d0,5368
vRv8w,5533
rxBwa,5389
rx0ym,5369
vRvLB,5534
pyyOX,5201
vRvMB,5535
wlMwM,5620
x616B,5744
x6G6Q,5764
x61eR,5745
x66k8,5753
wlMl4,5619
zpW7q,6020
x6KGG,5767
x6dl8,5793
yAL9g,5873
yALpx,5874
zpWVO,6023
zpWor,6026
zpvRw,6076
zpWJq,6021
wlM8L,5618
zpWxv,6027
0Rwx6,163
26Mxx,333
1lQBK,260
1lQbK,261
0RwJB,160
1lQvJ,262
26R2G,342
1lQ9M,259
6Opdo,926
3AL5X,445
6Oma8,922
6OpyQ,927
78Eg9,966
4po5e,676
78WnK,993
9718p,1314
8433w,1146
4pnAg,671
97gV9,1380
78baB,1002
97gzr,1382
84b7W,1193
97gxw,1381
97jBw,1384
AK8Jj,1499
97jG9,1385
AK8dz,1501
AK8Qr,1500
E10lG,1716
E10wo,1717
AKqjE,1566
E1dK5,1758
GWvGm,1994
E1dqP,1759
E1O3G,1747
GWvxx,1996
GWzy9,2004
JmP7J,2136
K5E8G,2250
K5E6o,2249
JmVL8,2144
JmPp7,2139
K5Ejo,2253
MyxvE,2641
LryaQ,2522
PbPPe,2901
Rg31x,3104
PbK8J,2893
OxRPO,2771
Rg3p5,3106
K5Ebe,2252
Rg3lr,3105
QeV3Q,3034
Rg3y5,3107
RgdXA,3149
VA3wd,3184
VAOa1,3223
Wp42K,3356
Myxd5,2639
Wp4ok,3358
Wp9xa,3364
XXGeo,3491
XXGQW,3490
OxRBE,2769
XXxpg,3549
XXGjr,3492
azr05,3686
azrEL,3687
b09dq,3719
dKgMO,3918
Wp91d,3363
azrQM,3689
b09mv,3720
azrKA,3688
dKg0w,3915
dKgRJ,3919
eQloM,4066
jW8on,4298
gMXzL,4185
jWVEA,4314
knqOj,4553
knqx6,4555
dKxWX,3943
jWVO0,4315
mm7dl,4717
pyJEE,5159
nEkrB,4906
py0kG,5130
q9K6L,5240
q9KV1,5241
orJAV,5032
q9KwO,5243
rx6Q8,5378
vREWp,5472
vRE1p,5469
wlM05,5617
wo11n,5690
wlwyL,5681
yAe4x,5902
yAe92,5903
zpWXb,6024
zpvd4,6078
zpvob,6081
zpWP4,6022
0Rwwg,162
3nkkq,528
26MQa,332
4pnPV,673
01jjA,40
2Wnnq,414
789wB,957
84ber,1194
789mv,956
84rLA,1225
8ylwW,1292
84bgA,1195
AK84j,1498
AK4yx,1494
7rnK8,1117
97jXW,1386
BpVVw,1698
BpVlE,1699
JaWEb,2048
JmPaX,2137
97R5l,1360
JaW1j,2046
E106K,1715
K5ERX,2251
GWzn6,2002
4pnao,674
K5wzM,2323
KVByE,2349
LrQyq,2479
MyxGo,2637
MyKQJ,2588
Myxlm,2640
MyxMJ,2638
OxA2w,2732
OxRVl,2773
Pb68X,2869
OxRvw,2774
MyzOm,2648
OxRww,2775
OxRxl,2776
OxRGk,2770
VAOA4,3221
WVllr,3333
XXGvx,3493
VAOjV,3224
Wp4Mg,3357
b09Pv,3717
dKgAJ,3917
aV1wE,3567
XXGyE,3494
bVMzB,3803
aV1PE,3563
dKgVz,3920
bVMM5,3802
dKgrq,3922
dKgXA,3921
dV5dB,3966
lP7Kk,4585
kn4mk,4460
mqgB0,4834
jWVq0,4316
mmGdE,4730
eQl6Q,4065
mqgR0,4835
nE3qB,4847
nEk2L,4901
nEk3J,4902
nE50Q,4849
nEkPx,4905
qqpLg,5315
py0Jo,5128
rxvoe,5436
vRE75,5470
rxvxw,5438
wlyyG,5685
vRMaB,5489
wq6EM,5697
yALxg,5876
zpvn5,6080
yArVE,5915
vREGw,5471
yq11e,5924
rqpW3,5357
789W9,954
6Ew6Q,857
5XmLz,802
6Orx0,929
6Or3O,928
4pny6,675
55J0K,728
5Xm11,801
2Wny4,416
1LPMG,192
1LPWJ,193
2WnqR,415
0R2r0,69
01joo,41
2Wn9x,413
1LPyQ,194
3Ax80,488
3ALEd,446
4PjRo,575
4PjX6,576
5XmwO,803
789ev,955
6Ew5z,856
6Obwe,913
7rnx4,1122
8ylWr,1290
8yl7A,1289
99lod,1421
8ylqE,1291
99lz9,1423
99lvq,1422
BQAeG,1604
BQ5q0,1590
BaQyg,1671
BpVRE,1697
BpV00,1694
BpVJw,1696
GWvol,1995
GVlKl,1868
E13EG,1722
JaWO8,2049
Jm3A8,2092
K5El4,2254
EV4Jj,1782
GVln9,1869
MVwdr,2567
K512G,2213
OVbmA,2679
OxGJw,2743
OxRVA,2772
LVpWq,2434
PVrnX,2854
OVbqw,2680
RVb82,3075
VAKkl,3215
WVlod,3334
aV1LA,3562
b09Qd,3718
WVlqa,3335
azrr7,3690
RVbq2,3077
aV1jM,3564
PVrOb,2853
eVW5y,4129
eVWkl,4130
gqap9,4252
bVM43,3801
jW8wn,4300
k5W8A,4427
k5We9,4429
dKg1o,3916
jq9Xe,4356
lPpXo,4645
lqg9o,4694
mmGWg,4729
mqge1,4836
nqRbm,4957
nqR0o,4956
lqgw7,4696
oqLKV,4994
pqg1G,5121
orxpm,5086
oqL9j,4993
pqgP6,5123
mqg8E,4833
q9Kqm,5242
pqgrw,5124
oqL7j,4992
pyJG1,5160
wly44,5683
vREXm,5473
qqpb0,5316
rxvPK,5435
zpW41,6019
zpWa1,6025
yq1zR,5926
zq564,6099
zq5br,6100
01jw2,42
0ReX0,131
1LP0l,190
1LkoB,203
1llXe,282
01je2,39
01EVA,14
4Pj8a,574
4p5GV,614
55VV1,736
55Vbm,738
5XxJX,814
6Om2Q,920
1l1EG,224
55Jqm,729
6ObJW,908
78EJ4,964
7rl38,1105
7rlVK,1108
7rnb3,1119
4p569,613
6Enj0,851
7rnkB,1121
BpV4l,1695
AKVBA,1528
7rnG8,1116
99l4W,1420
EVob5,1810
EV4La,1783
843KQ,1148
GV11l,1830
GWvyx,1997
GV1Gl,1832
GV1xV,1837
Ja1oJ,2007
Ja1rj,2008
JaW8b,2047
7rl6o,1106
JmzaJ,2206
KVBgX,2347
JaWpX,2050
LV05V,2394
KVvn4,2379
Lry9Q,2521
OVbLA,2677
MVwKm,2566
MVw0K,2565
PV330,2820
OVbx1,2681
KVBvE,2348
Pb1nJ,2861
3nkgq,527
3A049,424
3nkyv,529
4PdLR,568
3nkde,526
3AVlP,451
3njEq,523
QVRQA,2963
PbWae,2906
XVwRm,3464
Qep8q,3055
RVbBr,3076
VVRPd,3278
XVl0g,3456
WVl2r,3329
QVllJ,2972
aV1nO,3566
2W1Vl,382
dKV7j,3886
b0ypB,3779
bVK8q,3796
eV1Wa,4098
VVlwW,3289
dVdnB,3991
jq97L,4355
gqaMk,4251
jqPa9,4368
k5WkA,4430
k5aJa,4432
k5WLL,4428
knAP9,4478
gqa8B,4250
OVbMV,2678
PVr6R,2852
oqLgW,4996
XVl7m,3457
knqma,4554
jq9r0,4357
k5Wlv,4431
oqLXj,4995
nqg9Q,4966
oqR6R,5002
lqgqL,4695
pqg86,5122
pq6BX,5096
oqRn7,5005
k5ap6,4434
pq6MR,5097
rqpxA,5358
wq6M1,5698
wqErM,5710
WVlKa,3330
zq5n5,6101
wq61P,5696
zqLMO,6120
yq1ar,5925
xqAOV,5832
wq6WP,5699
dV58X,3964
4Pd2q,567
01E30,11
1Lk0Q,199
1LkBe,201
4PdQe,569
1LkLW,202
5506W,703
6EnMW,850
6En7L,849
6En00,848
7rl2K,1104
6EnvW,852
BpJ3l,1684
8yw1r,1311
8ywKr,1312
4Pdg6,571
BpJnG,1688
EVoAA,1806
EVomj,1811
BpJaE,1687
01Eyg,15
BpJ9w,1685
BpJLE,1686
4PdRR,570
GV1wm,1836
7rlov,1109
GV1z4,1838
Ja1vR,2009
KVvJE,2377
KVvWX,2378
LV0gP,2395
LV0y4,2397
GV14m,1831
LVApq,2413
LV0r9,2396
Ja1gJ,2006
OVn9k,2691
OVnvE,2692
RVRxA,3074
RVxJ5,3087
RVxa8,3088
RVxyW,3089
QVomA,2978
PV3eX,2821
Oxx7E,2812
VVRWp,3280
WVLEK,3308
aV1m2,3565
WVlPQ,3332
XVw4W,3463
bV5Mv,3781
b0V33,3739
bVKBd,3797
aV2E7,3568
dV5Ej,3965
bVKwk,3799
aV2G5,3569
dVdeB,3990
eV1va,4099
eQ34g,4025
dVdxo,3992
gMXjJ,4184
gqP90,4245
gqP5k,4244
eV1wa,4100
gqPAq,4246
jqP7e,4367
GV1k6,1834
jqPww,4370
gqPeq,4247
k5aQB,4433
lq1rL,4663
k5aza,4435
oqR4V,5001
oqRJa,5003
oqRom,5006
pq6lE,5099
py0Vo,5129
qqLLL,5293
qqnKo,5311
qqnxm,5313
bVKW3,3798
knjxv,4535
dVd1q,3989
rqApK,5331
vqmG4,5570
vqmnL,5571
rqLyl,5336
rqALK,5329
wqELA,5708
wqExo,5711
wly9A,5684
xqRK8,5843
rqLq3,5335
yqvpE,5973
yAe1A,5901
zqLX4,6121
zqLnb,6123
oqRaR,5004
k5JWv,4417
wqEMP,5709
yqv3K,5972
KV3y7,2331
JmP6m,2135
Jm8R7,2110
KV3By,2329
zqLmO,6122
lqAEA,4670
mq69O,4806
mq6rO,4808
nEkMJ,4904
nqgqB,4969
nqaRn,4962
mq6mp,4807
nqgEB,4967
Ja1wm,2010
1Lk3q,200
4PqB6,582
2WG4y,400
1Lnae,206
01EAg,13
1Ln6q,204
01E56,12
4PqmG,583
4p2BE,599
4Pqwe,584
550eX,705
550gz,706
1LnAq,205
5XXeK,778
55VaK,737
7rlzo,1110
6EjaL,842
550jO,707
7r01W,1065
8ymAA,1294
8ym0r,1293
6Ej30,840
7r0aV,1066
8ymQA,1295
8ymxw,1298
8ymaG,1297
99v6l,1434
99vWr,1436
99v2l,1433
99vrW,1438
99vRl,1435
BpRlG,1691
BQgge,1645
99maq,1424
BpRq0,1693
99vnE,1437
EVWg2,1794
EVWmP,1795
AAd1M,1472
EVo2a,1805
GV1RJ,1833
EVoWK,1809
GVG9l,1848
GVG7B,1847
GVGBJ,1849
GVGmq,1850
GV1p6,1835
BpRnv,1692
KV35e,2328
MVR9E,2556
JaoB4,2065
LVAqJ,2414
MVRER,2557
JaoGP,2066
PV9BX,2829
OVpjq,2700
OVp5w,2697
PV9xR,2830
Pb6dX,2870
VVbj3,3283
QVoOV,2976
VVbw4,3284
WVbGk,3317
XVgyo,3452
QVo8P,2975
aVw85,3609
VVb9r,3281
aVwyO,3611
bV50l,3780
bV5xk,3782
WVb7r,3316
dKVGJ,3887
aVwz7,3612
eV84l,4110
eQr2g,4078
dVOzo,3986
gq7ea,4234
eVWpM,4131
gq7Q9,4233
dVOP1,3984
dVdyj,3993
gq7m1,4235
jqdab,4377
k5JLv,4415
k5JK6,4414
k5JnQ,4418
jqPyn,4371
kn24X,4453
lq1xe,4664
lqA29,4669
mqRwq,4832
lqAmL,4672
lqAG3,4671
nqaoJ,4964
k5Jzv,4419
pqLEw,5107
qqp2m,5314
qqnw0,5312
rqAKK,5328
oo3BW,4978
wjqkd,5575
rqAOm,5330
wqPQL,5718
rxvrK,5437
wqPmL,5721
xqPzV,5841
qqLWw,5294
yq3dE,5929
yq3KA,5928
zqGjw,6116
yq3GA,5927
zqGl9,6117
nqavd,4965
3n9ze,511
4P1KR,535
4P1Jg,534
2Wdey,410
01K4E,20
1LByl,188
4P1QR,536
4P1VG,537
4P1gg,538
5566e,711
6Ez9O,859
6Ewpz,858
556j1,714
7r0oW,1067
6EzPz,861
7rKGw,1088
550bE,704
7rK48,1085
6Ezke,862
7rK4o,1086
7rKP4,1089
7rKgB,1092
99O0W,1408
8y6wE,1261
99OXl,1411
AAlPA,1473
AAlV5,1474
99OW9,1410
BplrG,1710
Bpl1v,1707
JaJ34,2029
EVp9o,1812
GVGn6,1851
JaoKb,2067
JaJJ8,2031
JaJR4,2033
JaJ48,2030
JaJO6,2032
KV3b6,2330
JmPlm,2138
KVyGM,2380
KVyqE,2384
LVn9Q,2426
MV39J,2531
OVQaq,2674
QVoQR,2977
OVQo3,2676
OVQJ1,2672
OVpdw,2699
PbKxe,2896
QVmXP,2973
VVbGd,3282
VVqjV,3290
MVRkr,2559
WVOqg,3311
WVbQa,3318
RV9w5,3069
XVgzm,3453
bV5yB,3783
Wpl8a,3406
bVnXk,3820
aVPPL,3591
VVqzl,3291
bVnJA,3818
aVwP4,3610
dVO6X,3982
dVl2o,3995
dVO8z,3983
dVlJA,3999
eV824,4109
dVl81,3996
dVlzw,4001
gqWy0,4249
dVl9o,3997
jWWML,4318
dVlGq,3998
jqBlo,4359
jqd4L,4375
jqd6q,4376
k5ROj,4425
dVO2z,3981
lqE0M,4673
jqB9z,4358
lqE3o,4674
mqB51,4812
lqEg7,4677
lqEay,4676
mqBL1,4813
mqBeO,4815
oqpj0,5014
nqAxL,4947
oqAnj,4987
nqA1o,4943
k5RBQ,4424
gqWeB,4248
oqplW,5015
paz86,5090
pqALG,5101
vqAgV,5554
pqAPw,5102
vqAeV,5553
pqAAG,5100
x6G0R,5762
wqPaM,5719
wqe4G,5729
xq3zn,5823
pqArj,5103
xq37R,5821
xqPy8,5840
yq3eA,5930
zqGz5,6118
zqLzw,6124
zqg0w,6142
yqREr,5957
zqgPb,6145
zqgJ5,6144
wqPpn,5722
wqP9d,5717
3n6mv,509
3n9eA,510
1L7vM,186
4PdkG,572
0R52J,72
014V6,0
4Pz3g,586
556em,713
556aW,712
4pnEV,672
55VeW,739
55nbX,744
6Ekw3,847
6EzJO,860
6EzxL,863
6Ek9r,843
844A1,1149
7rKAW,1087
8yBP2,1265
8yBlW,1266
7r5l8,1079
8yB52,1264
Bp3r9,1682
BplAl,1708
EVww5,1815
GVQym,1863
GVazB,1865
JaEB6,2022
GVa26,1864
JaEb8,2025
JaJo8,2034
KVpPG,2367
KVyQe,2381
KVya4,2382
7r57W,1075
LVn3R,2425
LVnKp,2427
MVR2m,2555
LVnvV,2430
OV3W3,2659
OVQLk,2673
OV3g1,2660
OVQd3,2675
OVp6q,2698
QVxwA,2988
RMJXd,3062
RV9k2,3068
RVyKx,3091
RVy4x,3090
VV1gp,3264
VV1QJ,3263
WVqvQ,3342
XXyrm,3557
XV8Eo,3431
aVPa7,3592
aVWvM,3596
bVnVk,3819
bVzLv,3823
bVzQ3,3824
dVOQo,3985
dVloq,4000
XVgnW,3451
JaEpX,2027
GVl7m,1867
99EBr,1404
99O2p,1409
eVK3R,4118
eVKeK,4119
jqzzq,4388
jqzQz,4384
k5RnX,4426
mqBq1,4816
mqBbq,4814
nqgKm,4968
lqzvo,4706
rqWA8,5347
rqgBR,5351
vRL3w,5481
qqAk0,5289
vqAk4,5555
wqe1A,5727
vqO3V,5556
vqQ1V,5563
vqOmm,5561
oqA0B,4986
oq6L7,4980
vqOxj,5562
zqgB4,6143
zpva5,6077
xq3xR,5822
wqe2P,5728
wqev1,5730
xq4PQ,5826
yq75R,5938
zqr84,6155
yqR4x,5955
yqR6r,5956
xq4gn,5828
0Rwpo,161
014zA,4
1L7we,187
014y0,3
1L7Xq,185
1L7GB,184
014kG,1
2W3Ar,384
QVmwq,2974
RVypd,3096
VV1v6,3265
QVxBR,2985
RVydd,3095
WVq1j,3338
QVxAP,2984
bVzvA,3825
WVqek,3340
bVzzB,3826
eVPmQ,4127
gq0OJ,4224
eVP4O,4124
aVP6A,3590
jqzez,4385
eVPo4,4128
jqz7n,4383
k531Q,4392
jqzx9,4387
JaERJ,2023
EVwA5,1814
Bp3Xg,1680
GVQmQ,1860
Bp3el,1681
k53Lk,4395
k53KX,4394
GVQXB,1859
JaE8R,2020
k53xQ,4398
k53VB,4396
55nkE,745
2W3Gl,386
4PzAq,587
4Pzga,589
2W3Ja,387
knA9k,4477
4p50o,610
3njOL,524
7r5LV,1076
8ymW1,1296
lqzm3,4705
6EkK0,844
lqzXG,4704
6EkRr,845
k53ba,4397
AA3nz,1446
6ObrQ,912
nqwnJ,4974
mq14p,4799
AA3gq,1444
7r5g8,1078
mq1jp,4801
mmXJp,4737
nqwxx,4975
oq6y7,4981
nqw7B,4971
nqAMJ,4944
vqQbL,5564
q92og,5212
qqRwg,5306
qqRAz,5304
qqRyE,5307
qqRmL,5305
4PzBg,588
vqOV4,5559
wqEBM,5707
vqAal,5552
xqPX8,5839
yq72A,5937
rqW3R,5346
yq7jJ,5941
zqrQr,6156
yq7Je,5940
vqO7p,5558
zqrX9,6157
MV1nK,2529
MVRWK,2558
OV3BO,2657
OV3rb,2661
MV3K5,2532
OV37b,2656
JaEqJ,2028
KVybe,2383
KVp7E,2366
LV1g1,2399
LV1Ex,2398
LV1mp,2400
MV1p5,2530
PVyBp,2858
KVpao,2368
1L76K,183
2W3Ev,385
01KeA,21
2W8na,392
01GjG,16
1LOkq,189
014mo,2
26r54,369
4P7j6,546
4Pz2o,585
4PzwR,590
55n16,743
55GV1,723
6Ekmz,846
78GEW,968
7r508,1074
7r5b4,1077
7rKPv,1090
7rKXo,1091
7rd0V,1101
3n4j0,503
6E6w0,829
7rdn9,1102
8yBrA,1268
AA3j3,1445
8yQmG,1287
8yQ6G,1285
AALdj,1453
Bp37e,1678
AA3A5,1443
BpRXG,1690
Bp3RE,1679
GV3Gl,1842
GV3ll,1843
GVQ74,1858
Bpleg,1709
Ja10b,2005
GV31l,1839
JaE98,2021
JaEaP,2024
JaEkX,2026
LV1vp,2401
LV5nQ,2407
JaxJ7,2077
LVnaV,2428
MV1eK,2528
Jaxo7,2079
LVnkQ,2429
OV3v3,2662
OV3GA,2658
MylyB,2623
PVyl6,2859
QVx6V,2983
QVxex,2986
3n62v,508
55G6E,721
OVrpk,2702
KVz3M,2387
RVyPO,3093
RVyM5,3092
VAOGr,3222
VV911,3268
VV9lV,3270
WVjLk,3325
WVOn2,3310
WVOBQ,3309
WVjO2,3326
XV6Pb,3429
XV6Bn,3428
WVq4L,3339
XV6xE,3430
WVqjK,3341
aVPvd,3593
aVWVM,3595
bVG5l,3793
bVz8g,3821
aV7P7,3574
bVz9k,3822
aVWzM,3597
dVm3J,4002
dVmgA,4003
dVmxA,4004
dVnOq,4008
eVE8Q,4111
eQj2M,4059
eVP9l,4125
eVPXR,4126
gq05a,4223
lqVAG,4690
jqzo0,4386
lqzAe,4703
mq171,4800
mq1mL,4802
mqB0q,4811
dKg0j,3914
QVxnQ,2987
nqAkd,4946
nqwWx,4972
nqwe5,4973
pqW6j,5116
pqWLo,5117
qqR0L,5303
PVor0,2849
qqWA1,5308
gq0o9,4225
eVP2a,4123
mq1rl,4803
qqWR1,5310
rqWqm,5348
vqO44,5557
wq8Bo,5700
wqOPA,5715
wq8an,5702
wqOe4,5716
xq41l,5824
xq4WQ,5827
xq8PB,5830
yq432,5931
yq7Ax,5939
zqrm5,6158
yq4R2,5932
xq46V,5825
wq8Wn,5701
6E6J8,826
55GMW,722
55GrX,727
6E61z,825
55GWe,724
4P7qE,547
01Gq2,18
3nJKd,520
4P7g6,545
2W8Ol,391
4P7bq,544
01Gko,17
lqEPA,4675
lqVXA,4693
mqr00,4837
mqrOg,4838
2Wd0B,409
lqVJM,4691
lqVMy,4692
oqWW7,5008
4P7Ge,543
oqWaR,5009
oqWwV,5010
nqWbo,4959
pqpBG,5127
nqW9B,4958
vq5nL,5545
rqEoA,5333
xqAej,5833
zq7aK,6103
zqr7b,6154
zq7J1,6102
zq7yr,6105
x6qXl,5810
yq4wg,5934
rqEx3,5334
yq4ba,5933
6EjB3,841
AALlj,1454
84j3G,1206
8yBnQ,1267
AALRn,1451
8yQvQ,1288
99K5E,1406
Bpjee,1705
BpjLE,1703
EVoV5,1808
GV3pm,1844
EVaJP,1796
EVoOo,1807
GV3AJ,1841
EVaRP,1797
8yQ9E,1286
55Gjb,726
55GdK,725
KVzlG,2392
KVzvM,2393
MVLao,2547
MVLlR,2550
KVzJ6,2390
QVy8x,2989
OVrKb,2701
MVL7R,2546
MVLyE,2551
KVz2M,2386
PVRVR,2835
LV5gP,2406
Jax36,2073
JmdW8,2157
JaxGm,2076
KVyv5,2385
Jax6b,2074
KVz7M,2388
LV5wJ,2408
MVLjK,2549
JaxpP,2080
VV9nW,3271
RVr9W,3084
RVr8x,3083
WVjKr,3324
XVqB7,3460
QVyjV,2991
VV9pl,3272
QVyE8,2990
JaxE7,2075
MVL6B,2545
XVqyg,3461
aV7aM,3576
aVPya,3594
bVG0B,3792
bVGje,3794
eVEqM,4113
dVnmB,4009
aV74O,3571
dVnKw,4007
gq69J,4231
dVn1B,4005
k56KA,4401
jqa1e,4373
k56M6,4402
k56zQ,4403
k5JQL,4416
gq6L5,4232
eVEV9,4112
gMlkB,4203
k567j,4400
k53EB,4393
aV77a,3572
aV7z5,3577
XVqzB,3462
1L5yG,180
01QKJ,30
0RP8B,111
2W8MR,390
1L5VB,177
01GwE,19
01QOE,31
QV79R,2941
QV7mQ,2944
01QG2,29
QV7Xx,2942
QV7xQ,2946
QV7r4,2945
QV7lA,2943
RVGmr,3070
RVGq5,3071
4Po76,581
RgPor,3135
RVrk5,3085
WVRjL,3314
WVRkj,3315
XX3GE,3478
XVbqE,3447
4Po1V,580
55G4E,720
2WBor,399
3nEed,519
2WB5a,396
WpEwr,3370
3nE1L,517
3nE7d,518
dVnEX,4006
aVbG7,3599
AAPB5,1456
AAPzA,1462
AAL45,1450
AALan,1452
AAPQz,1457
gqEjk,4239
bVgjA,3810
dVwQJ,4016
aVbx4,3600
99z6q,1439
8yJOw,1275
99Kgd,1407
6E9l8,831
aVbB2,3598
6E6rO,828
99zbl,1440
99znE,1441
99zoq,1442
6E6jL,827
aV7R5,3575
AAPvM,1461
jqlA0,4378
gqEeL,4238
wqAnM,5705
mqQRq,4829
nqWvx,4961
oqn9m,5012
pqWz6,5118
xqgX8,5845
nqQGd,4955
nqAdm,4945
qq1Am,5283
oqnk7,5013
xq8vB,5831
xqgdV,5846
rqlbA,5353
zqE8v,6113
zqEL4,6114
AAPqE,1460
wqA05,5703
rqE5A,5332
qqLbO,5295
zqEe5,6115
rqlRl,5352
KVneX,2365
OV8PV,2668
PV4X5,2823
JaQlj,2045
MVon5,2564
PV4aJ,2824
PV4yR,2825
LVloV,2423
GVMPJ,1852
EVQ9G,1790
GVQ1V,1857
GVMmq,1854
GVMe6,1853
BpjXl,1704
JaQgX,2043
JaQl4,2044
01VGE,36
01Q6G,28
01Qzo,35
01Vj6,37
1L5KB,176
2W53x,388
2WBWq,398
1L5xG,179
2Wdvv,411
4PBVG,551
6E3WL,821
4PBrE,553
55EJb,719
3nM50,522
7r30W,1068
6E9xQ,832
7r6W8,1080
7r3jV,1072
7r3nw,1073
8ymz1,1299
7r6m8,1081
8yJ4W,1274
8yqRG,1308
AAPaj,1458
AAvQq,1483
99EOW,1405
AAvEM,1481
AAvl5,1484
AAvr3,1485
Bp0mw,1676
Bp0xG,1677
EVQ7l,1789
EVQ35,1788
EVQ0P,1787
AAPeq,1459
EVyJa,1821
EVyB3,1820
EVQPA,1791
EVyql,1825
GV39V,1840
GVMzQ,1855
GWz0B,2000
JablJ,2055
JabbX,2054
JaQ0j,2042
GVyP9,1888
KVMB5,2355
KVMjM,2358
KVMzy,2359
KVnb6,2364
LVMn4,2416
LVlk9,2422
LVlqJ,2424
MVnpR,2563
OV8Mq,2667
OVool,2695
PV46J,2822
PVp4X,2850
KVzA4,2389
OVoPb,2694
QVM3R,2952
RVybr,3094
OVopV,2696
WVlMK,3331
VVzd1,3295
XVjWx,3455
WVRVr,3313
bVgxd,3811
bVGx5,3795
bVmze,3817
aVlO4,3604
KVMbe,2357
dVRO1,3988
eV1Q4,4097
eVJqO,4117
eVMqQ,4122
gqE5A,4236
gqEWa,4237
gqwda,4265
k5619,4399
jqQPw,4372
k5EnQ,4410
k5wbk,4443
k5EkL,4409
XVbPm,3446
dK3yw,3843
knAyA,4482
k5EvQ,4413
lqwbe,4702
mqPVO,4827
mqPRg,4826
lq3q3,4666
bVgAq,3809
mqQzp,4831
oqR27,5000
rx0KK,5367
pqgzw,5125
qqAm0,5290
rqPrw,5345
vqe9w,5565
rqPb8,5343
wqAqG,5706
wqAbo,5704
pqQ8j,5115
wqgPo,5733
xqm3V,5850
yq69J,5936
yqE5a,5946
yqE8K,5947
xqg2X,5844
oq3Wj,4979
yqEgE,5950
yqEvR,5951
xqgjl,5847
wlL9G,5614
zqr44,6153
yqE9e,5948
zqE41,6112
01pjM,48
01Qg0,33
01QVG,32
2W5ex,389
01Qw0,34
1L6RJ,182
01VwA,38
1lQ8B,258
3np5v,530
4PBJ9,549
4PBJg,550
4P7y9,548
55E4X,717
4PBko,552
55E9E,718
7r398,1070
3AWzv,452
7r329,1069
6E3Gz,820
8ypq1,1304
7rne3,1120
8yq0Q,1305
8yqB2,1306
7rlL3,1107
8yqK1,1307
8yqrW,1309
9937p,1399
99pE9,1426
99pbd,1427
BpxG7,1713
EVyRK,1822
AAzA5,1486
9934d,1398
EVab5,1798
EVygo,1823
GVyyq,1891
EVy9o,1819
GVxMm,1884
EVypj,1824
GVypl,1889
GVx0x,1879
JaOxR,2041
JabXR,2053
KV8BE,2339
JaOl6,2039
KV8n5,2344
KVMOe,2356
Jab9X,2052
LVlX4,2421
LVMBJ,2415
LV434,2404
OVo5l,2693
PVpr6,2851
QVMGq,2954
KV8Go,2340
OVk81,2689
QVMLJ,2955
QVMz8,2957
RVjRd,3078
QVM4A,2953
VV9dJ,3269
WV02Q,3298
RVzvW,3097
PVd46,2836
VVRRV,3279
VVzGV,3294
XVMjW,3442
VVzvl,3296
WVv7d,3343
XVMzE,3444
XVjAB,3454
XXQBb,3513
aVlVd,3605
dV45X,3958
dVREJ,3987
bVOMq,3806
aVlzd,3606
dV4nj,3962
eV7P9,4104
eV7MM,4103
eVMBM,4121
eV7ql,4107
gMe19,4189
bVOKq,3805
eV7ka,4105
gqwma,4266
jq0lz,4351
k50J6,4389
k50pv,4391
gqkaJ,4262
WV0mL,3300
QVMPJ,2956
k5wlQ,4444
k5wla,4445
gqkL9,4259
k5wo9,4446
k5wAL,4442
mqPdg,4828
lqwBG,4701
nEk9o,4903
nq1gQ,4932
nqy3d,4976
mq0KL,4797
pq66j,5095
pqBdw,5105
qq6Qm,5285
pyPp1,5166
pq6OV,5098
pqP7o,5113
rqPne,5344
rqrMm,5360
qq6WO,5286
qqPG1,5300
wqr6M,5736
wqgw4,5735
wqgBL,5732
vq5jB,5544
qqPdo,5302
x6628,5748
wqgq1,5734
rxBem,5387
yAE4g,5865
xqrQG,5854
yqEJA,5949
yAexK,5904
zq7r1,6104
zqO6w,6132
wqrPd,5738
1L6GW,181
01pXG,47
2W35B,383
01pmJ,49
2WBBa,397
01poJ,50
4P3Aq,541
6Eq80,854
55p4m,746
4P3og,542
4P35e,540
55p9W,747
6EqM3,855
7rpAK,1125
8y69A,1258
8yp1d,1300
7rp5K,1123
8y6nr,1260
7rpe3,1127
7rpQV,1126
8ypAw,1301
8ypEx,1302
4P34g,539
AAvPA,1482
99pwE,1429
AALnq,1455
99p49,1425
AArG3,1479
8yqyr,1310
3nplX,531
Bpxnl,1714
GVxL6,1883
AArQM,1480
EVxMP,1817
EVxgl,1818
GVxR6,1885
JaO5R,2036
GVxnl,1886
GVyxq,1890
JaORJ,2038
JaOAR,2037
KV8Vy,2341
KV8eM,2342
KV8x5,2346
MV7yo,2540
MV7Kr,2538
MV7Vm,2539
OVk5V,2688
OVkPk,2690
PVdMb,2838
JaOqJ,2040
KV8qe,2345
PVdqz,2840
Pb600,2868
RVjWA,3079
RVjeJ,3080
QVJ2R,2947
WV07k,3299
RVjg8,3081
WVvPg,3345
WVv9L,3344
XVM3o,3438
VVzyd,3297
XVM7g,3439
XVMOo,3441
XVMpx,3443
EVx7G,1816
XVME7,3440
PVdGJ,2837
aVJRM,3584
BpjnG,1706
dV49w,3960
bVO2B,3804
dV43J,3957
dV4Pq,3961
dV4yz,3963
eV7rM,4108
jqaA9,4374
jq08b,4350
k5Epk,4411
gqkMB,4260
k50Vj,4390
k5wpa,4447
lqnqo,4698
lqnXG,4697
mq0kq,4798
mq04p,4796
aVJ9O,3582
mqQVl,4830
nq1oL,4933
gqk9k,4258
nq1po,4934
oqW6R,5007
pqBO1,5104
qqPKe,5301
rqr0l,5359
rqrxm,5361
vR4qw,5454
wqg74,5731
vqr2L,5572
wqrX4,5739
xq89V,5829
xqrEp,5853
yBjd2,5922
xqr08,5851
xqr9l,5852
yqvvK,5974
zqA75,6109
zqLJ1,6119
zqOOK,6134
zqOQr,6135
zqOkr,6138
zqOn4,6139
zqOX9,6137
zqOvq,6140
3n1mP,501
2WV8q,404
2WVna,408
01pzA,51
01BQM,8
1LovG,210
1LoMB,208
LV4Kq,2405
LV30Q,2402
PVdkR,2839
PVdyJ,2842
PVgde,2846
QVgx4,2968
WVgb2,3323
WVgRj,3322
WVg6K,3320
RV5yr,3066
WVvjK,3346
XV9gx,3435
XV9dW,3434
aVOO5,3589
bV87g,3787
6E3ke,822
Bp0MG,1675
GVx9m,1880
99kpW,1419
GVrrQ,1878
AAb7z,1467
AAbPq,1470
dV75O,3968
bV8XA,3791
eQ2RM,4022
dV7nB,3971
eV7py,4106
99kb9,1418
gqkVL,4261
mq00g,4795
lqKz3,4682
lqKwe,4681
jqv0q,4379
nq9Gx,4938
nq1XJ,4931
nq9wd,4941
nq9Lx,4939
mqK0p,4817
qq6dz,5287
nq9yQ,4942
vqlgm,5569
oqK67,4989
mqKP0,4819
wqrjd,5740
x6oJX,5803
zqOWq,6136
yql6g,5962
01p4B,45
rqMLR,5339
oqK3m,4988
QVJlR,2950
zqOyO,6141
zql5r,6146
wqrBo,5737
zqlg9,6151
zqlEv,6148
wq3dd,5694
yqllJ,5970
PVg4p,2844
KV8mX,2343
GVxA6,1881
KVrLX,2374
JarWJ,2071
JaO2j,2035
KVr86,2371
KV84X,2338
JaxLP,2078
1LoxX,211
01p7B,46
01BdM,9
1L5eM,178
2WVjx,407
01BxA,10
1Lobl,209
2WpzB,417
3n1w0,502
4PO8G,564
3n13q,499
4POXV,565
5586E,715
3n1gL,500
6E4v0,824
6E4A3,823
7r7Go,1083
8y6gr,1259
7rnXv,1118
99k1q,1415
99kM5,1417
AAb9M,1468
AAbBx,1469
8yGkG,1272
8yGvx,1273
GVrKq,1873
BpMKw,1689
GVr89,1871
AAbvq,1471
GVrmJ,1876
GVrex,1875
GVrJl,1872
Jab6m,2051
GVxE4,1882
JabzJ,2056
JarA4,2069
JarMm,2070
Jar5j,2068
Jary7,2072
GVrX9,1874
Jm56J,2103
EVlvj,1804
KVrXo,2375
KVr7e,2370
KVr9e,2373
GVr2l,1870
KVr2M,2369
KVrmE,2376
MVA80,2542
OVg7q,2682
MVAb0,2543
MVA25,2541
MVAmm,2544
OVgBk,2685
OVgXw,2687
OVg9O,2683
QVg0q,2964
QVJV8,2949
QVgA4,2965
PVdxJ,2841
QVJzV,2951
PVg20,2843
QVgk4,2967
VVg2V,3285
aVO0A,3585
RVjnr,3082
VVgwd,3288
VVgel,3287
RV5QO,3065
aVJML,3583
WVg12,3319
aVOL4,3587
dV79B,3969
aVOEa,3586
bV8Jd,3789
dV49j,3959
eVGgO,4115
dV72B,3967
dV7q1,3972
eVGwR,4116
gqdKL,4253
eVM9Q,4120
gqde0,4254
gqdxL,4257
jqvb0,4382
jqvMb,4380
k5EqB,4412
k5vOQ,4438
k5vrL,4440
k5vx9,4441
mqKw4,4821
lqKWk,4680
mqKpq,4820
oqK7V,4990
nq9Pm,4940
oqKb7,4991
pq1bW,5093
pq1e1,5094
rqMj0,5341
rqM1R,5337
qqyeL,5318
rqMOl,5340
pq1Ej,5091
vqraj,5573
wq3XL,5693
wq3k1,5695
wq3QG,5692
vqrqV,5574
wqPkP,5720
xqlzX,5849
yq5wR,5935
yqlzA,5971
yql9x,5963
zqAE4,6111
yqlba,5967
yqlJE,5964
yqlKa,5965
zqOEK,6133
zql6K,6147
zqlQw,6149
zqly9,6152
01vEJ,53
1LneM,207
01vGG,54
1LvOq,214
2Wv34,418
2WVEx,405
01vLM,55
2WvBa,419
2WvVG,421
2WVWB,406
2WvXy,422
553we,710
3nBx9,516
6E9X8,830
6EPWQ,837
6EPB8,836
7r3KW,1071
01vn2,58
7r7Ao,1082
558PX,716
7r7bW,1084
7rP59,1093
7rPQw,1095
8yPXw,1280
8yPj1,1282
8yPqG,1284
8yP71,1277
99k4l,1416
8ypM1,1303
AARvj,1465
99Bm5,1403
EVbBP,1800
EVbb3,1801
EVbpa,1802
Bprxl,1712
01vX6,56
EVpaj,1813
GVQrm,1862
JanBj,2060
Jan7b,2059
GVro4,1877
KVLG6,2351
Janlj,2062
JanW6,2061
AARPM,1463
Jan3R,2058
KVLre,2354
Janr4,2063
8yPjE,1283
KVLr4,2353
OVg9q,2684
OVy8w,2704
OVyb3,2706
QVJ4V,2948
PVvRR,2857
OVgKb,2686
QVrg4,2981
RV188,3063
RV1jW,3064
VVx1r,3292
WVRJa,3312
QVrwP,2982
WVgQg,3321
WVmaK,3337
XV9Gr,3432
XV9xr,3436
aVGpL,3580
KVr94,2372
VVgKJ,3286
aVGqO,3581
WpQ2L,3383
aVOM5,3588
XV9PB,3433
8yG4w,1271
bVknk,3813
bVkqB,3815
bV89v,3788
dV7Vj,3970
bV8Re,3790
eVzk9,4137
bV80A,3786
eVz5O,4135
gq34A,4226
gqdok,4256
gq3pA,4230
jq3gz,4352
jq3kq,4353
k5vkB,4439
lqMJy,4684
gq361,4227
lqMwG,4687
lqK2e,4679
mqK20,4818
lqMve,4686
nqL9d,4950
mqMzp,4825
oqMM7,4999
pq1aR,5092
nqL1J,4949
qqO10,5296
pqP4X,5112
pqM4G,5108
qq61O,5284
gq3Pa,4229
nqLQm,4952
qqOQz,5298
qqOvg,5299
qqyM1,5317
qqylz,5319
rq880,5322
rq8Wl,5325
rq89a,5323
qqyoz,5320
rqM78,5338
rqMoA,5342
vqedV,5566
vqerX,5567
vqk8L,5568
xqlL8,5848
wqdXP,5726
rq8bA,5326
yqlkx,5969
zq0O9,6091
yqlje,5968
zqld5,6150
yqz8g,5976
xqJ5p,5834
1LvQK,215
2WvgR,423
01vag,57
01v42,52
2WvOG,420
3nB6X,512
2W98R,394
4PE4E,554
4PE5R,555
3nBAq,513
5535O,708
4PEJV,556
553aE,709
4PEpG,558
4PEnR,557
7rP8o,1094
6Eoze,853
7rVP9,1098
6EP3L,835
7rVV9,1099
1Lval,216
8yPKx,1279
8y5QQ,1253
8yP8r,1278
7rVlw,1100
99BPW,1401
8y5pA,1256
8yP1x,1276
AK495,1492
AARoq,1464
99pvW,1428
Bp08Q,1674
99BRq,1402
EVJRK,1785
Bpral,1711
EVb65,1799
GV0jl,1829
EVbqo,1803
GVPVV,1856
GVQr4,1861
Ja6BJ,2013
LVoRQ,2432
LVozV,2433
MV5RM,2533
MV6wK,2537
MVLbJ,2548
QV5gQ,2939
PVv1p,2855
OVy13,2703
OVyMO,2705
OV6ol,2666
QV5PJ,2937
PVvKe,2856
QVrPR,2979
QVrbJ,2980
QV5mx,2940
QVgQx,2966
VVxAd,3293
XVoOr,3458
VVQbJ,3276
WV6lQ,3304
OV6kA,2665
XVoPm,3459
aVv1L,3607
VVQ9l,3275
bVkxd,3816
aVGd2,3579
dVJ6w,3973
dVJEO,3974
bVkJ3,3812
dVJKB,3975
dVJvB,3976
dVvd1,4015
eVGLK,4114
eVaMl,4132
gq38J,4228
gqvdL,4264
jq3y9,4354
jqPnb,4369
k5M7k,4420
k58Qa,4406
bVkpq,3814
k5Mxv,4421
lq3py,4665
lqMGe,4683
mqM9v,4823
oqk6j,5011
orXL0,5044
oqM2g,4997
nqLzQ,4954
nqLln,4953
pqMq1,5109
nqLEd,4951
oqM5m,4998
vq6gj,5551
rq80a,5321
qqOBw,5297
rq8Kw,5324
pqMzX,5111
rqzgm,5364
rqzPw,5363
vR8mp,5458
wqRr1,5725
yqz2K,5975
zqMG5,6126
zq0jq,6092
LV384,2403
LV63p,2409
LVoJ9,2431
Janym,2064
KV6n7,2336
LV6MR,2411
KVLVE,2352
KVL54,2350
2W92a,393
019Pg,7
1LjBG,197
0198J,6
1LjnW,198
1LqEe,213
1Lq0K,212
2W9a4,395
3nqQA,532
3nBL9,514
3nBl9,515
4PLdq,560
3nM0v,521
3nqzA,533
4PLja,561
7rV89,1096
55Lnb,733
7rqKB,1129
8y5LE,1250
7rq5B,1128
4Pbg9,566
8y5Mx,1251
8y5OW,1252
8y5zw,1257
8y5nG,1254
8yPaG,1281
99bPw,1414
99bGq,1413
AA7n3,1447
AAb65,1466
BpG19,1683
EVJeG,1786
0191G,5
GV0KQ,1826
GV0dl,1828
GV0Vl,1827
GVBQ6,1845
Ja61P,2011
Ja656,2012
Ja6g8,2015
Ja6XR,2014
Ja6gP,2016
Ja6yP,2017
KV6b4,2335
KV6Jo,2333
KV6XX,2334
LV6KP,2410
MV640,2535
MV690,2536
MVP1B,2552
Oxv8l,2801
PV5GX,2827
OV65A,2663
PV5k7,2828
WV6ej,3303
QV5Ax,2936
VVQ3J,3274
RVrwW,3086
RV6Ax,3067
QV5VJ,2938
WV6MG,3302
WV6w2,3305
WV6yQ,3306
aVjWO,3601
aVvVA,3608
bVXKg,3807
WV7ba,3307
dVLw1,3980
dVvEz,4012
dVv6q,4011
eVaxg,4133
bVXx3,3808
dVvPw,4014
dVvMB,4013
dVv1J,4010
k58QQ,4405
gqL05,4240
gqvGB,4263
jqLdq,4362
k589X,4404
eVzA4,4136
jqOe0,4366
k58lQ,4407
jqOWb,4365
k58n9,4408
lqMM3,4685
mqLg0,4822
lq4RA,4668
nqGEa,4948
mq5zO,4805
nqaX5,4963
pqPMV,5114
nqydm,4977
qqA7e,5288
rqz7w,5362
pqdzo,5120
qqWEm,5309
rqnga,5354
qqJ3e,5292
qqJ2e,5291
rqzne,5365
vq6Jj,5547
vq6K5,5548
vq6P5,5549
vq6Xw,5550
wqRMM,5724
yq8RA,5944
xqM7Q,5837
xqM0G,5836
wqRGn,5723
yqgW2,5958
yqgke,5960
yqgwa,5961
yqlMe,5966
zq47b,6095
zq45v,6094
zqM15,6125
zqAAw,6110
zq4gb,6097
zqMoq,6128
zqMa9,6127
zqMx9,6130
zqMzb,6131
0Re2A,130
01LRE,24
01LlB,25
01L9o,22
01LqM,27
01LJM,23
01LmJ,26
1Lj8l,196
3n5Av,504
2WPAB,401
2WPmv,403
3n5qv,506
3n5o0,505
3n5yM,507
4PLpo,562
4PLbo,559
55LpX,734
4PLye,563
1LP2M,191
55LvK,735
55LA1,730
55Lgb,732
55LL6,731
6EB0Q,833
55b21,740
55pQK,748
6EBWW,834
7rdxW,1103
7rp8W,1124
8y99x,1262
7rqzW,1133
7rqe4,1132
99q5p,1430
8y9RA,1263
99qJr,1431
99b09,1412
99qel,1432
AAEqj,1449
EVRAP,1793
EVR12,1792
GVBvl,1846
GVy3x,1887
KV6x7,2337
KV6AG,2332
7rqOB,1130
7rqWv,1131
KVPAX,2360
Jal7m,2057
Ja6zJ,2018
KVzW5,2391
LVPyP,2417
MVPpJ,2553
OVEMl,2669
KVPdo,2361
OV65l,2664
OVEvl,2671
OVEaw,2670
MVPym,2554
PVP0R,2831
PVPa0,2833
PVPLp,2832
PVPez,2834
MV5zE,2534
PbWAb,2905
QVPWR,2959
QVPbV,2961
QVPzV,2962
VV4gJ,3266
QVPV8,2958
VV4m4,3267
VVQvl,3277
WV6Ag,3301
XV5rb,3427
XV5On,3426
WVmEj,3336
XVR2W,3445
aV7BA,3573
aVjka,3602
eV7K4,4102
dVL8w,3978
dVL0X,3977
dVLjO,3979
gqLba,4242
eV5ka,4101
bVLjd,3800
gqLx0,4243
b0RxB,3738
jqLJq,4361
jqLyA,4363
jqL40,4360
k5p8v,4436
lq3r7,4667
k5prB,4437
lqvlG,4700
mq5gg,4804
mqMk0,4824
nqvJB,4970
py1gG,5131
oqvVg,5016
jqO6L,4364
rqny8,5356
vq35L,5540
rqnrm,5355
vq3a4,5543
rq8n8,5327
vq3Kp,5541
vq3Pw,5542
vq32L,5539
vq60B,5546
wqvKL,5741
wq3Mn,5691
wqvb4,5742
xqJKp,5835
xqOoV,5838
vqOep,5560
yq8QE,5943
zq444,6093
zq4Jb,6096
yq8xE,5945
zq4q4,6098
zqMpq,6129
lqEv9,4678
nqWeQ,4960
4Pml6,577
01ok2,43
01ozG,44
3njv9,525
4Pdle,573
2Wmeq,412
2WPOx,402
1LVJB,195
55jBK,741
6EX5O,838
55jRX,742
7rVEo,1097
7rm7B,1111
4Pmve,579
7rmQv,1114
6EXe0,839
4PmqG,578
7rm7K,1112
7rmgV,1115
8y5o2,1255
8yEAd,1269
AApBM,1475
996mw,1400
8yEzr,1270
AAEBr,1448
7rmJv,1113
AApG5,1476
AApxA,1478
AApgj,1477
Bpbr0,1701
Bpb1w,1700
GVjP6,1866
Bpbxg,1702
EVJ7A,1784
JaB68,2019
LVjmR,2419
LVjk4,2418
MVj6K,2560
KVjKM,2363
KVj1o,2362
MVjLR,2561
JmjJR,2166
LVjxV,2420
LV6QJ,2412
PV58b,2826
MVjpr,2562
PVj4p,2847
PVg6X,2845
PVjn5,2848
QVPaJ,2960
QVj88,2970
QVjXJ,2971
QVj7R,2969
RVOn2,3073
VVGwd,3273
RVO8O,3072
XVdMm,3448
XVM1g,3437
WVkyk,3328
XVdar,3449
XVwXm,3465
XVdpb,3450
aVjw5,3603
aV4x7,3570
aVGXO,3578
bV7mB,3785
bV7dk,3784
XV57g,3425
dVkjz,3994
eVdgO,4134
gqLaJ,4241
gqzkA,4267
k5QJQ,4422
k5QRL,4423
lqOE3,4688
mq8Q0,4809
mq8vE,4810
lqvbG,4699
nq41B,4935
lqOye,4689
nq4rm,4937
WVkAr,3327
jqvVo,4381
gqdmA,4255
oq71j,4982
nq4G5,4936
oq7wa,4985
ordQj,5057
pqGQX,5106
pqMwX,5110
pqn0j,5126
rqd4e,5349
wqKL4,5712
wqKVn,5713
oq7A7,4983
pqdRW,5119
oq7E0,4984
rqdXl,5350
wqKmG,5714
xqQ4R,5842
yqO2g,5952
yqOxx,5953
yqOyE,5954
yqgdr,5959
yq80g,5942
zq8y1,6108
zq8r1,6106
zq8wr,6107
